,0
0,열지말라는건 열지말고 만지지말라고 하는건 좀 가만히 냅두자  내가 워렌부인이었으면 다니엘라후드려팼다 진심  제임스완은 이제 직접 감독좀 해라 맨날 제작자로만 돈 넣고 빠지지말고 ㅡㅡ직접 감독안하니까 컨저링2 이후로 다 똥만 싸대고있는데ㅋㅋ이러다 애써만든 시리즈 다망할것같은데 직접 감독은 죽어도안하네  개인적으로 애나벨 발록 등등 모든 시리즈 통틀어서 제일 별로였음ㅜㅜ 잘때 발 잡아끌고 문 쾅 닫고흔한 클리셰 범벅에 뭔가 보여주려나 싶은 시점에 시시하게 끝나는  
1,하지말라는 짓 하면 생기는 최악을 다 보여줌 ㅋ 쉴새없이 몰아치는 공포에  나도모르게 꺕 소리쳐버렸다ㅜㅜ  늑대인간은 대체 왜 나온거냐 ㅋㅋㅋ 자동차 박살내면서 기타한방맞으니까 골로가는거보고 3류영화인줄  전부 나쁜 악령만 있는건 아니였다  
2,본격 저혈압 치료영화 ㄷㄷ  진짜 무섭지않았나요이정도면 무섭게 재밌는데 얼만큼 무서워야 무섭다는거지  
3,완전  기다렸는데 역시 존잼쓰 ㅠㅠ 공포영화는 확실히 컨저링 애나벨이 짱임  조조로 보는데 영화관에 나 혼자ㅠㅠ무서워서 입틀막  조조로 봤는데 전작에 비해선 공포가 덜하지만 스릴감은 여전함 하지만 뭔가 그냥 마무리가 찝찝함ㅠㅠㅠ  1시간 40분 동안 재밌었던 부분이 한군데도 없는 양산형 공포영화 그 자체 답답한 인물 진부한 연출 무서운 영화가 아니라 놀래키는 영화를 만들어야 한다는 감독의 의지까지 정말 최고다  귀가 밝으신 분들은 절대주의 바랍니다깜짝놀랄일이 절대 있을겁니다  무서움보단 놀래킴을 주는 영화 발단 전개 위기 절 결말 구조의 영화 절정의 정이빠진 영화 결말을 급하게 낸 영화 제임스완이 감독인줄 알고봤지만 다른 감독의 작품이었던 영화  
4,심장마사지 받고 싶다면 이 영화 강력추천컨저링 유니버스 좋아한다면 기대감을 낮출 필요있음  다들 개인차가 있겠지만 컨저링 12 다른 애나벨 시리즈보다는 덜 무서웠던 거 같아요 그래듀 코인 귀신은 넘나 뮤서웡  
5,다니엘라 진짜ㅡㅡ 때리고 싶었지  시리즈가 나오면 나올 수 록 퀄리티 떨어지는 듯  
6,애나벨 이제 나이도 있는데 구르고 머리박고 열심히 일했네요 슬슬 쉴 때가 된 거 같습니다  1도안무서움 보면서 졸았음 5000원내고봐서 망정이지 만원내고봤으면 돈아까워서 울었을듯  어젯밤 11시 용산에서 4로 봤습니다 간단하게 설명해드릴게요 이영화 길이가 100분인데요 100분중에 60분은 지루하고 드럽게재미없습니다 진심 그냥 나가고싶을정도 나머지 40분이 공포장면인데 뭐 크게대단할건 전작들과 비교 안되는 노잼 애나벨은 2가 제일 재밌고 무섭다 3은 진짜 실망스러웠고 이거 볼바에 돈을 바닥에 버리는게 더 알차다 1부터 3까지 다 봤는데 3은 진짜 무섭지도않고 다 예상가는 클리셰에 깜놀 포인트에 결 마지막 생일파티때 한번 더 터질 줄 알았는데 너무 허무하게 끝남  되게 스릴있으면서 재밌게 즐기면서 봤네요 전작들도 그랬지만 이번 영화 역시 놀래키는 장면이 많으니 스토리적인 스릴을 추구하시는 분들껜 재미가 반감되긴 하겠지만 그래도 보는걸 추천합니다 마지막에 워렌을 추모하는 글 박물관이 살아있다 공포편 보는느낌 개인적으로 그렇게 무섭지 않았어요 그래도 중반부는 좀 볼만햇는데 결말 너무 시시하게 끝나서 아쉬움 설마 이렇게 끝나지 않겠지 햇는데 그냥 끝나버림 해피엔딩 ㅋㅋㅋㅋ 워렌부부는 안오고 혼자서 해결했네  제임스완 데리고와ㅜㅜㅜ 브룸하우스 제작도 아니고ㅜㅜㅜ  
7,너무 무서워서 너무 힘들었다 그치만 무서운 영화는 무서워야지 ㅠㅠ 애나벨  
8,같은 패턴의 갑툭튀식 놀래키기 언제 어디서 귀신이 나올지 타이밍도 뻔했고 그냥 애나벨이 애나벨 했다  가 결론입니다  처음에 소리안지를려고 입 막던 손 나중에 턱 괴면서 봄 진짜 소리지르는 아무도 없었음 아 있었다 딱 한명ㅋㅋ  조조로  봤는데  무서웠음  비까지 오니 완전 딱이다  애나벨보다 무서운 건 졸리움  악령이라고 무조건 나쁘지는 않구나  흠솔직히 시리즈들을 다봐서 그런가 좀ㄵ이였다  갈수록 퇴화하는거 같다  보는 내내 지루하고 돈 아까움  난 왜 다니엘라가 이하늬로 보이냐  차라리 전편이 더 무서움 너무 기대해서그런가  진짜 2를 보고나서 한껏 기대하고 봤더 내 자신이 한심스러울 정도로 엄청 못 만든 영화 난데없이 빙의된 여자가 엑소시즘 영상 보고 빙의 풀렸다는거도 억지 십자가를 든 손가락마저 다 부러뜨리던게 애나벨인데 인 공포영화계의 마블 제임스완은 공포영화 계의 스탠리  
9,개노잼여자 발암 오졌다  정말 컨저링 유니버스에 명성에 먹물 끼얹는 영화입니다 너무 뻔하고 너무너무 예상이가는 스토리이며 상영시간도 굉장히 짧아 충분한 긴장감과 공포를 느끼기엔 역부족 했으며 연출도 별로였습니다 컨저링 유니버스 팬으로서  다니엘라 개빡치네 진짜  유치해 점점 더 재미없어짐 ㅜㅜ  설마 이게 끝인가 했는데 와 분위기만 줄창 잡다가 어설프게 몇번 놀래키고 끝난다 그냥 초딩용 영화 주디로 나온 아역배우가 이뻐서 별준다 톰크루즈딸 수리인줄 알았음  
10,너무 기대햇나봐ㅋ  확 몰아치고 지루하지않아서 재밌게봤네요 장마철에 보기 좋을듯  정신나간년 하나 때문에 대환장파티네  다니엘라 죽여버리고싶네  너네들 얼마씩 받냐 나도 좀 하자  요즘 공포영화 귀신들보면 왜이리 귀엽냐  중간에 실제 애나벨 인형 티비에 나와요 ㅋㅋ귀엽네  중간까지는 좋았는데 마지막에 너무 허무하네 돈 주고 보기는 아깝다  공포영화를 보러간건데 로맨스와 억지감동 만 보고 온 느낌 종합선물세트를 노린듯 했으나 내가 뭘 보고 있는건지 모르겠는 역대급 망작인듯 피자한조각을 그냥 보내는게 가장 무서운 씬인 영화  남의 집에서 지맘대로 활보하고 지맘대로 물건 만지는 무개념이 에나벨보다 무서움  주디는 생일날 발암물질을 선물받았습니다  
11,인형말고도 다른 악령들도 나와서 소름끼쳤어요  
12,이번 영화는 사운드가 개지렸음 고막 찢어질듯한 소리도 있고 잔잔하게 깔다가 왁하는 연출이 대박  애나벨 너무 무서워용 ㅡㅡ 어제 잠 못잣어요  시간가는줄 모르고 푹빠져서 봤습니다 목에 담걸리는줄  
13,2019년 7월 6일 은평메가박스 저녁 7시30분 열 3번 앉은 영화시간내내 큼큼거리던 큼큼이 뒷통수 무사한걸 다행으로알아라 주먹이 불타올랐으니까  남자친구랑 재미있게 봤다평점때매 기대 안 했지만 갑툭튀도 현저히 많고 처음부터 끝까지 스릴 넘쳤다호불호 갈리는듯 무언가 제대로된 스토리가 있고 흐름대로 가는 영화를 바라는 사람들에겐 별로이고 정말 제대로된 스릴 난 이게 애나벨 시리즈중에 제일 재밌던데 사람마다 역시 틀린가봐 물론 컨저링1이 제일 무서웠는데 재미는 이번작이 제일 낫다고 본다  여자친구랑보러왓습니다 심장약한대 살아사돌아가길 빌어주세요  무서워요 그냥 무섭습니다악플다시는 키보드워리어님들 말듣지마세요  애나벨  순한 맛 12세관람가  
14,뭔가 애나벨 시리즈중 가장 기대했는데 가장  실망이었다  
15,제발 하지말라는거 하지좀 말지 왜 일을 만들어싸 다니엘라  
16,여자친구랑 봤는데 가오가 육체를 지배했던 내가 가오가 다빠져서 시부뤠 쫄보마냥 눈 질끈감고 있었다 하  
17,여름엔 공포영화지그래도 애나벨1이 제일 재밋음  
18,무섭다가 웃김 ㅋㅋㅋㅋ  집에 불 좀 키라고   내용은 너무 지루함 하지만 공포요소는 만족  
19,와전 최고 반전 무서웟ㅆ다  적당히 무섭긴한데 컨져링 애나벨 시리즈중 역대급으로 무능한 악마 초딩 애 한 명한테 제압당하는 너무 허무함  오리엔탈 샐러드에 참깨 키위 사과 딸기 드레싱을 곁들이면 이런 느낌일까차라리 더 넌이 나은것 같은데  
20,생각보다 많이 무섭진 않았음 34번 정도 깜짝 놀라 욕할뻔ㅡㅡ  
21,무서웠음 다음 애나벨 시리즈 컨저링 유니버스도 기대 중  컨저링 유니버스 일곱번째 작품 이번엔 진짜다  
22,주디 때문에 10점 이였는데 암걸리는 여자 안죽어서 10점 못줘  
23,솔짇히 팬심으로 본 영화 소름돋는 장면은 없었다그래도 컨저링 유니버스에서 애나벨 스토리를 끝내야하기때문에 만들어진 영화랄까 어쩔 수 없는 클리셰 스릴감은 좋았다 사운드도 굳 제임스 완 당신이 아니면 안되 재맛어요ㅎㅎㅎ 무섭고  
24,클라이막스에 몰아치는 공포가 주는 쾌감  
25,주디의 생일 파티를 위해 선사하는 악령들의 서프라이즈 파티  내가 본 공포영화중에 최고 악령계의 어벤져스 총출동  올 여름 최고의 공포영화가 될듯  짱완전이히히짱이에요  너무 재밌었닼ㅋ 사방팔방 사람들 놀라는 소리  놀라고 현타오는 소리 ㅋㅋ특히 종 울릴 때는 귀 막음 ㅠㅠ 애나벨 마지막 제대로 끝낸 것 같다   컨저링 시리즈 좋아해서 봤는데이번에도 재밌었어요근데 사무라이귀신 스토리도 영화로 나왔으면 좋겠다동양풍이라 뭔가 오싹  
26,동전이 정말 좋다 나는 동전소재 귀신이 너무좋았따 다니엘라 이쁘다  
27,너무 무서워서 팝콘 던지고 그런짓 하지도 못함 개무서워서 그냥 소리도 못지르고 얼어버림  개노잼 언제부턴가 미국공포영화는 어린애 나오는순간 다 개노잼임 하나도 안무서움 심장막히는 스릴도 1도 없음  
28,무섭진 않지만 지루하지 않게 볼 수 있었던 영화  
29,나오는 크리쳐들 되게 창의적인것 같아요 잘 만듦  
30,후 남자애는 무슨봉변이람ㅋㅋㅋㅋ 그래도머 나름꿀잼  
31,후반부에 긴장감이 좀 떨어지긴 함 더 넌보다는 재밌게 봄 애나벨 2보단 못함  워렌 보물창고 개방  재밌게 무서워서 더 좋았어요 적당히 스토리있고 ㅋㅋ 놀래키기만하고 스토리없는 영화가 많아서 이정도면 좋다고 생각했고 비교로는 애나벨2가 더 무서워요 영화관에서 사람들 팝콘쏟고 소리질러서 더 재밌었어욬ㅋㅋㅋㅋ  요즘엔 여름이어도 공포영화가 드문데 애나벨이 있어 다행이에요  진짜 꿀잼이에요 꼭 보세여 역시 애나벨 기대이상이였어요  무서워서 반이상은 눈 감고 본 거 같아요 무섭고 재밌어요  깜짝 깜짝 놀라는 맛은 있는데 진부한 스토리   
32,까불지좀 말았으면 가만히좀 있어  등장인물하는 행동이 핵답답해서 공포고 개연성 스토리 똥망의 실화코인타는 급식용공포영화 하지말라면 하지말고 그리 중요하고 위험하면 열쇠보관정돈 철저하게 좀쓸데 없는 등장인물의 등장으로 이도 저도 아닌 연출만 늘고 애나벨2가 너무 강력했음  다닝엘라라는 애 정말 무모하고 짜증나는 스타일현실에서도 저런 애들 젤 싫음설정도 좀 억지스럽고아무리 공포영화라도 조명은 좀 키자다니엘라 정말 싫어  
33,적당한 유머와 감동이 섞인 가족영화농담이 아님살떨리는 공포를 겪긴 힘들지만 공포영화의 기본엔 충실해서 평타는 칩니다제일 놀라는 정도가 새벽에 방 불을 켰는데 바닥이나 벽에 붙어있는 바선생을 발견한 수준이니  안 무섭긴 개뿔 구라 치지말자  표값 만천원 도둑맞은게 더 공포다  공포영화지만 줄거리가 있어서 더 좋았던 것 같아요  이거보고 재밌었다는 애들은 둘중 하나임 기억력 금붕어수준인 급식이거나 공포물 처음 보는 분 전작들이랑 클리셰 99 똑같음 이거보고 무서웠다는 애들은 게임같은거 하지마라 특히 패턴 읽는게임  애나벨은 2가 젤 무서운듯  진짜개 핵노잼 막장 ㅡㅡ 놀래긴 놀라는데 내용 거지같네요 너무 재미없어요 진심  
34,쫄보라서 넘모 무서웟서요 중간에 화장실 가고 싶을까봐 음료도 거의 못 먹고 왓슴다 혼자 화장실 다녀 오는 길에 무서운 장면 나올까봐  공포영화는 이렇게 만들어야지 ㅋㅋ  난 재밌게 봤는데 도대체 올마나 더 무서워야하나 ㅋㅋㅋ 컨져링1이 스케일이 오지긴 했는데 컨져링 1 이후에 그 다음으로 무서운거 같은데 심장쫄리면서 봄  애나벨 시리즈 중에서 역대급이었음  쓰레기그냥 쓰레기영화 이 한마디면 끝  화만나고 드럽게 재미없네  
35,ㅋㅋㅋㅋ말 드럽게 안들어 ㅠ 그래도 잘봤음  저 정말 여기 시리즈 팬인사람인데 정말 더넌 컨저링 다봤고 애나벨 12 다 봤는데 이번 편이 정말 최악이었고 선 많이 넘었습니다 저혈압이신분 추천드립니다 ㄹㅇ 고혈압 걸립니다 정말 열받습니다 ㄹㅇ 보는내내  
36,무서워서 영화를 본건지 안본건지  
37,옆에 친구가 계속 깜짝 놀래가지고 잠을 편히 못잤네요  
38,답답했어요 ㅠㅠ 열지말라니까 계속 열어제끼네요 ㅠㅠ  노잼이다  노잼지루해죽는 줄 돈아까우ㅗ  역쉬 기대를 저버리질 않네요 딸하고 잼나게 봤어요  고구마 100개 먹은 기분이 든 암걸리는 영화였습니다 꼬마 여자애 핵 사이다  시간이 빨리가서 좋았는데그렇게 무섭진 않은 영화 같다 생각합니다아무튼 즐거웠으니 좋았어요  짱재밋어여 공포영화가 이래야징  제임스완이 감독이면 기대한것보다 이상으로 만족했을듯  영화를 끝까지 보게 해주셔서 감사합니다 아멘  재밌게잘봤다 사무라이 갑옷 인상적임  애나벵ㄹ이랑 동전규ㅟ신ㅠㅠㅠ 자꾸 생각나요  귀막고 실눈떠서봤네요 극장에서 공포영화는 너무 무섭네요  공포에 신파를 넣으니 이도저도  쳐키랑 애나벨이랑 싸우면 누가 이길까  하도 놀라서 다보고 나오니까 온몸이 아팠습니다ㅋㅋ  너무 쉴 틈 없이 놀래키는거 아니냐며  오랫만에 심장이 바운스 바운스  제임스 완이 직접 메가폰 잡아라 제발  
39,여자 혼자봤는데도 많이 무섭진않았어요벨보이 밥 살려줘서 진심 감사  무섭다기 보다 시종일관 놀랄까봐 몸이 넘 힘들었음ㅋㅋ하도 놀래서 옆뒤 사람들 큭큭되면서 웃던데ㅠㅜ그냥 가볍게 보고 놀래고 가세요  
40,생각보다 무섭진 않음 워렌부부가 이야기를 이끌어가길 바랬는데 딸만 나옴ㅠ그리고 억지로 이야기를 만들어내는 듯한 느낌이었음 컨저링 시리즈 좋아하는 사람으로서 실망함ㅜ  무서웠지만 재밌게 잘 봤습니다 엔딩이 훈훈해서 좋았고 여주 분들이 이쁘셔서 좋았습니다 남자 조연분도 진짜 잘 생기셔서 눈이득 했네용  남는게 없습니다  무서워서 눈가리고 봐서요 ㅋㅋ 갑툭튀 좋아하시는 분들 보면 좋을 듯 합니다 다만 내용이 그닥   뭔가 막 무서운게 달아오르다가 끊기는 느낌  무섭긴 하지만 다른 작품에 비해선 덜 무섭고 영화끝난후에 엥 뭔가 더 있겠지라며 생각하게되는 편이어서 아쉽다  생각만큼 별로였음뭔가  억지로 애나벨 넣어서 급하게  끝낸느낌이 들었답  애나벨 넘무서워  동전하나둘씩 떨어질때 숨죽이고 봄  안에 찐퉁의 그것을 보셨나요  참나 악플 다는 잉간들 멋지네일본 공포보다 훨씬 낮다 너네 수준은 한국공포영화수준이구먼당신들이 영화 만들어봐라개 웃기네 공동묘지 흉가 체험가면 오줌 쥫쥘 사는주제  걍 공포영화 나름 보거나 좋아하는 사람은 무조건 보세요  개무서웠음 ㅠ ㅜ 누가 안무섭댔니 안무섭대서 혼자보러갔다가 심장이벌렁대서 미치는줄ㅡㅡㅋ  심장 터지는 줄 휴  
41,올해 공포영화 거의 다 봤는데 애나벨이 제일 무서움 ㄷㄷ  동전 떨어지는소리가 이렇게 무서울 줄이야ㅋㅋ  재밌고 좀 무서워요 볼만함 ㅋ  
42,하 해 떠있을 때 보면 안 무서울 줄 알았는데  사무라이도 가끔 무서워  잔인한 소리가 나면서 말야       
43,하 애나벨 시리즈 보고 이렇게 지린거 첨이다 화면 소리 분위기 다 무서워ㅠㅠ 뒤로갈수록 쉴틈없이 무섭다ㅠㅠ 오늘은 에어컨 없어두 될듯 공포맛집이군  고구마먹다 체하고 뱉고 소화시킬 찰나 집으로  진짜 베이비시터 친구 새기 너무 발암이라서 매초마다 턱주가리 날리고싶다 발암캐에 대한 빡침때문에 영화에 집중이 안될정도 진짜 개 민폐덩어리에 눈새에 최악중에 최악  우리나라도 애나벨컨저링처럼 공포 시리즈가 있었으면 공포 좋아하는 사람에겐 킬타임으론 딱인데  구스범스 공포버전 같음 안개가 늑대로 변할 때 피식했다  스토리 개연성은 그렇다 쳐도 공포영화가 이렇게 안무서워도 되는거냐  분위기 잘가고 동전귀신때는 인시디어스느낌 잘주다가 귀신붙은 티비에서 다 말아먹음 진짜 제임스완말고 다른감독 손대지말라고 쫌  개노잼너무 뻔하고 내용도 크게 없고 신선한 부분도 없고 티비에서 틀어줘도 안 볼 영화  좀 답답한 장면들이 있긴 했지만 흥미진진하게 무섭다  애나벨 시리즈중 제일 노잼  와 컨저링 유니버셜 사상 최악이다 더 넌보다도 재미없음ㅋㅋㅋㅋ 진심 하  
44,너무재미쉉어아아이아우웅  
45,너무 무서웠어요 그렇지만 재미있었어요  노답 3000300030003000여백의 미  씹노잼 1점도 아까움 ㅋㅋ  속터지게 지루하네요  무서워죽겠다가 아니라 다니엘라 때문에 혈압이 올라 터져 죽을것같아요  싸구려 화장을 하는 양아치 중고생은 나라 불문하고 같은 짓을 함 ㅇ ㅇ  이번에도 애기들 너무 귀엽다  
46,  너무 시시하게 끝나고 결말이 너무 뻔함  친구년 진짜 패고싶었음  안좋은 평도 있어서 고민됬었는데 보길 잘한듯 꿀잼ㅡ 근데 제발 영화관에서 예의 좀 지킵시다 문자벨소리에 맥주는 파니까 그렇다쳐도 트름하고 술주정까지어휴 인형보다 사람이 더 무서웠ㄷ  왜케 평점 낮음 간만에 엄청 쫄아가며 잘봤넼ㅋ  4인가요 이거 양옆의자가 하도 떨리길래 4인줄 알았눈뎅ㅎ  재미 잇었음 나름 욕할 정도는 아님  영화가 무서워서 스트레스가 다 날라갔네요 진짜 재밌게 봤습니다  초반에 상자닫히는소리가 제일무서움  
47,재미는 있었으나 이걸 과연 극장에서 봐야 하는지는 의문이 드는영화  
48,전반부에 너무 지루했으며 후반부에 몰아치는 경향이 강해 공포의 위력이 반감된듯끝도 허무했음   그만하고 개봉좀  나는 느낌이 공포 놀이기구를 여러개 연달아서 탄것 같아서 좋았음일단 이 영화로 더 넌이랑 요로나의 저주가 싼 똥은 어찌저찌 치우는듯 ㅇㅇ그리고 스핀오프작 나와서 다른 물건들의 사연도 보고 싶다  나쁘지 않았음 점프스케어 씬만큼은 명품  잠시라도 쉴 틈이 없이 영화 내용 중 놀랄수 있는 부분들이 있었고 보고 싶었던 영화 였기에 볼 만하기도 해서 좋았습니다  진짜 무섭지도않고 개 씹 노잼 공포영화중 제일 재미없음  전작들에 비해 서사는 없지만 깜놀요소 진짜 많아서 도중에 뛰쳐나가고 싶었어요 공포영화 좋아하는 저는 만족  공포시트콤워렌 가의 유령친구들 꽤 무서운 순간들이 있었지만 꼬마여자애가 이미 부모님들처럼 침착하게 퇴마에 대한 상황판단하고 지휘내리는 시점에서 무섭다기보단 좀 웃길정도다 공포물로선 초점맞춰져야할 애나벨이 싱거워 안녕하세요앞으로도 좋은 작품들 기대해 보겠습니다아멘  엄청 무서웠습니당  ㅠ ㅠ ㅠ 그리고 다니엘라가 너무 화났습니다  재밌어요 ㅋㅋㅋㅋ 금데 전작에 비해서는 별로  오 심장이 쫄깃하네요 ㄷㄷ  무섭다 무서워 공포영화완전팬이라 나오는족족보는데 진짜무섭다 ㅠㅠ 안무섭다는애들은 이해가안갈정도 ㅠㅠ  애나벨보다 무서운 양옆자리의 코골이소리 2019년블록버스터 한여름을 강타할 수면제  언제잠들지모른다  애나벨자장가  공포 주려고 있는 애들 없는 애들 다 끌어다 보여주긴해서 공포스럽긴합니다 감독은 청춘공포물을 만들고 싶었던건지 뭔지 모르겠지만 급 공포물 같기도해서 시리즈 색을 잃어버린 듯 그냥 돈 아까운 정도는 아닌데 꼭 볼 시리즈 안보고 봤는데도 재미있어요 엄청 추천합니다  애나벨 인형이 좀 섬뜩하네요  다양한 귀신들 덕분에 무서웠어요  혼자서 엄청 쭈굴이되서 봤네요  역시 여름엔 제임스완표 공포영화가  실화라는게 더 소름끼친다  에바야  휴가나와서보는데 오늘 엄마랑잔다  조금지루하다가도  재미있게봤습니다ㅋㅋ  워레 부부가 실제로잇다니 ㄷㄷ  진짜 소름돋은 영화였음 소리가 아우  괜히봤다 몇일 또 악몽 꾸겟다  컨저링 시리즈의 에피소드 중 하나라고 보면되요 내가 모르는 유령이 있어서 흥미롭고 재밌음 효과음이나 소리나 꽥꽥 지르는 한국공포보다 훨 나아요  재밌었어요 ㅋㅋㅋㅇ 공포매냐들 추천  역시 제임스완표 공포영화는 믿고본다 ㅋㅋ  컨저링 시리즈중에 제일 무서워요  아진짜 이거 대박이네ㄷㄷ  더넌보다는 덜 무섭지만 깜짝놀라는 장면이 많다 특히 음향효과 장난아님 그리고 여자애 넘 예쁘더라  재미있게 봤습니다 근데 무서운거 잘보는 사람은 좀 재미가 떨어질수있겠네요  정말 대단한 워렌 부부  컨저링 유니버스 챙겨보는 사람이라면   진짜 핵무서움 ㅠㅠㅠㅠ 컨저링 보다 더무서워요   혼자 보지말걸 그래따  하지 말라는걸 해야 스토리 진행이 된다 하지 말라는거 잘하는 사람들과 참 잘맞는 영화지 싶다  생각보다 더 무서운것 같아요ㅋㅋ  너무 아쉽다 기존 작품중에선 최악임  애나벨 인형 얼굴이 자꾸 떠오른닧ㅇ  솔까 12편 다 봤지만 재미없었는데 이번엔 무섭더라  컨저링 잼나게 봤음 이것도 추천  중간 중간 놀라기도 하구 좋았다ㅎㅎ  컨저링 관련된 영화는 다 챙겨보는 편  매 순간 놀라고 또 놀라고 또또 놀람  효과음도 크고 긴장감있게 잘봤습니다  이 영화는 부부 나올때가 제일 무서움 특히 초반  기대를 너무 많이 했나봐요 이전 시리즈에 비해 무섭지두 않구 그냥 반전없는 공포영화  다니엘라 나쁜 그런데 중간부까지 너무지루하다 마지막 결말도 허무하고 기대보다 실망  이번 컨저링 시리즈는 패스하셔도 무방합니다  저는 재미있었습니다  유일하게 보는 공포영화끝에가 살짝 그렇지만 진짜 긴장감짱이고 재밌는데 무서워요ㅎㅎ  2보단 나았다 ㄹㅇ 2는 최악 더넌수준  분위기만 무서움 나머지는 글쎄  에나벨시리즈중잴안무서웟어요ㅜ조금아쉬움이남아요ㅜㅜㅜ  영화보다 갑툭튀 적응되면 많이 무섭지 않아요 주디 영혼 뺏기려할때 해리포터 생각남 ㅋㅋ 해덕이라그른가  무서우면서 스토리 이어짐이 좋았따  
49,에나벨중 조금 아쉬움작품  아진짜 심장이 아플정도로 무서웠음 ㅜㅜ  베라 파미가님이 출연해주셔서 그나마 용서가 되는영화  
50,여태 본 공포중 제일 10노잼  영화보면서 악령을 응원하기는 또 첨이네 무서웠다는 댓글은 그냥 공포영화를 못보는 사람이기 때문에 무서웠다는거지 영화가 자체가 무서운건 아니니까 낚이지 말길 바람 아주 그냥 80년대 공포영화 보는듯한 연출과 뻔하디 감독은 전임 감독들한테 미안하지도 않냐  워렌부부는 카메오인가  꼭 봐야할 올해의 공포영화이 영화를 선택한 당신이 공포 데헷   극한직업 베이비시터  보는내내 소리와 악령때매 깜짝 놀라는부분이 많앗습니다  원래도 좀 잘 놀래는 편이고그런데 재밋게 보앗어요  컨저링 처럼 무서운거 나오면 더 좋겟네요 그래도 만족햇어요 뒷부분이 허무햇지만ㅎㅎㅎ  딱좋음스토리 개연성좋고 긴장감도 많음  동전 좀 그만 떨구자 영화 보고나서 동전 떨어지는 소리 못듣겠다  작난감이야  효과음만 요란스럽다  여자아이 너무예쁘더라  무섭다 역시 돈 안 아까운 시리즈 다니엘라 처음엔 발암이었다 근데 의문인게 ㅡ 제작진이 영화 좀 더 잔인하고 고어스럽게 만들 수도 있을거 같은데 ㅡ 일부러 자제한 느낌 도대체 왜  오랜만에 빵빵터지는 영화 잘봤습니다 ㅋㅋㅋ너무 웃겨서 음료수 쏟앗네여ㅋㅋㅋ  문소리 이잉 앗살라말라이쿰  와씨이게 무슨 애나벨거의 나오지도 않고이상한괴물들만쥬라기공원인줄 영화관에 사람 꽉 찼는데 비명소리 한번도 못 듣고조는사람 발생하는 공포영화네요 급 해피엔딩ㅋㅋㅋ  진짜 정말 최악 최근 엑스맨과 비견될만함  에나벨 시리즈 중에서는 제일 재미있었다  난 그저 컨저링 시리즈 광팬이어서 만족함  영화관 안이 조용해짐 옆사람의 큰 숨소리가 엄청 크게 들리고 계속 무서움  잼나네요 은근히 스릴있습니다  무서워무서워무서워어  코믹영화로 보기 좋아요  
51,진짜 무서워요ㄷㄷ 원래 잘 안놀라는데  개발암물질 벌레ㅅㄲ하나가 별 다른 이유도 없이 하지말란짓만 골라서 해대면서 
52, 속 뒤집어놓는 영화진심으로 죽여버리고싶을만큼 짜증이 치밀어오른다 화딱지 나서 못보겠다 중2병걸린 ㅂㅅ들은 진짜 죽기 직전까지 개 ㅅㅂ 다니엘라년 내가 주디 엄빠였으면 ㅈㄴ 패버림  진부한 공포 이젠 어디서 놀라야하는지 너무나 잘 알기에 미리 준비도 할 수 있었다 여자친구와 함께 봐야 비로소 완성되는 영화  왜 저렴하게 생긴 애들은 옷입는 것 부터 말과 행동도 저렴할까노ㅁ뇨ㄴ 구분없이 태생부터 정해지는 듯등장때부터 눈살 찌푸려진다  
53,무섭긴했지만 그전편이더무서운듯  다니벨란가 뭔가 그여자때무에 보는내내 화만나는 영화어우빡쳐인형문은 왜 안잠그고가냐고  스포일러가 포함된 감상평입니다 감상평 보기뜬금없이 연기가 나더니 늑대인간 등장기타로 빵하고 날림어이없게 디아블로도 나오고 이게 무슨 공포영화냐  진짜 최악 그 자체영화관에서 봤으면 땅을 치고 후회할 영화  다니엘라 어벤저스4 스타로드급 발암아오  진짜 노잼 공포영화라고 만든 거면 최소한 놀라게라도 해주거나 안 무섭게 만들거면 스토리라도 재밌어야지 공포 영화 진짜 못보는데 처음부터 끝까지 무표정으로 봤다  이 18 태어나서 처음으로 1점준다 암걸리는 검은머리여자애때문에 개빡치는 스토리로 흘러간다 진짜 미국찾아가서 죽이고싶더라 나만당할수없으니까 다들 꼭봐라 꼭봐서 왜 공포 영화를 보는데 빡쳐야하는건지 공감해라 중 컨저링 유니버스 모두 봐오던 사람입니다 이 영화는 답답한 스토리 너무 많이 보던 연출 영화 끝날 때 끝났어라는 물음을 가지게 된 영화  좀 어른들이 하지말라 경고장까지 붙인데는 다 이유가있거늘   부모님 두분은 늘 공포영화 전문배우같아요   따분함과 억지 지루함의 극치  와정말소름  친구랑둘이봣는데애도 자고잇엇음 영화관직원분이 우리둘깨움일어나니 다들 끝나서나갓나봄 우리둘뿐이였다는게 젤무서웟음와 최고다 이거결말어째됨  간만에꿀잠 돈은안아까웠음 공포물이이리조용한것도처음 애나벨도 시리즈의 종료인가  야이씨 다니엘라 너 진짜  남의 집 물건 허락없이 함부로 만지는 것들은 좀 처맞아야 됨 그나저나 주디 너무 귀여워 역변하지말고 예쁘게 잘 커라       이제 슬슬 뇌절이 되어 가는 영화  ㅅㅂ 내 아까운 1시간40분 돌려내라 이걸 돈안내고 봐도 화나는데 와 공포영화 매니아 로써 진짜 최악중에 최악이다 왠만하면 악평안다는데 크  하지말라는것 좀 하지말고 건들지좀 마라   뭐 영화상 스토리 풀어갈려고 저냔 설정값이겠지만 지 집에 물건도 남이 함부로 만지면 싫어할꺼면서그러네  미국은 심령귀신말고 걍 살인마쪽 영화가  보지마요 진짜 보지마요 제발ㅠㅠ 너무 재미없어ㅠㅠ  
54,다니엘라 잘생겼습니다  
55,창밖에서 들려오는 기타소리가 좋았다  
56,기대한것보다 너무 허무하게 끝남 ㅡㅡ  
57,재밋는데 상영릉너무안함  난 시리즈중에 무섭던데 다른시리즈보다  새벽1시에 영화관에 나밖에없어서 혼자봤는데 존나무섭다 ㅅㅂ  
58,스토리 구성이 전보다 떨어지는 느낌이네요ㅜ  진짜 최악 에나벨 시리즈 중에 제일 발암이고 긴장감도 별로고나름 주인공 친구는 정말 싫음  
59,진짜 최악 이였어요 처음에 가족들 교통사고로 죽었을때 나온게 제일 무서웟고 그뒤로는 진짜 너무 시시햇어요  영화 만들다가 던진 느낌이랄까 ㅋ 갑자기 늑대인간  은 왜 나오는지 모르겟고 웨딩 드레스 입은  멕케나 그레이스 웰케 이쁘냐 반함  
60,진짜 짧고 굵은 영화네요  평이 별로여서 기대 안하고봤는데 기대를 안해서 그런지 볼만했네요 팝콘이 날라다닐 정도로 무서운정도는 아닙니다 23번 조금 많이 놀라는 장면은 빼고여  
61,처음에는 별로라고 생각했는데 막판에 괞찬아지는 영화  너무 재밌어요 다들 꼭 보시길  
62,깜짝깜짝 놀라는게 많아서 좋음 ㅋㅋㅋ  발전이 없는 공포영화 제임스완 형님 돌아오세요  
63,잘 보고 갑니다 재밌었어요 안무섭고  생각보다 그렇게 무섭지 않다 제가 볼 때 스토리가  재미없다 엔딩도 너무 빨랐다 원래에는 다른 애들 그 애가 무섭다고 생각했는데 엔뎅 때 생일 촉하까지  나왔다  집이라는 제한된 공간에서 나름 신선하게 연출한거 같습니다 컨저링팬이라면 12탄에서 워렌부부 집이 등장했기에 익숙했을텐데요자칫 무섭지않을수 있는 소재를 잘살린거같습니다다만 애나벨신부드레스페리맨말고는 비중이  이건 화면도 무섭지만 효과음이 커서 놀라는것이다  
64,지루하다거나 그런느낌까진 아닌데 생각보다 안무섭습니다  진짜 개인적으로 컨저링보다 무서웠어요 심야영화로 봤는데 집 가는 길이 너무 무섭고 보는내내 긴장하며 봐서 머리도 아프고 ㅠ  다니엘라 너무 발암이긴한데 그래도 무섭고 재밌음  
65,영화를보고나서   느낀 점 은  공포영화를  처음본 순간  무서웠습니다 그래도 내용은  꿀잼 이었습니다  영화중에  문을 열지 말라는 경고가 있었습니다  재미있었습니다  
66,열라는건 열고 난지지말라는건 만지다가 큰일난다이  돈아까워ㅠㅠ 너무 무서워서 나도 모르게 눈감느라 못본게 너무 많다  같이 간 애들 다 재밌고 무섭다고 했는데 우리가 무서운걸 잘 못보는건가  시험보고 철렁 내려앉은 내가슴 제새동기로 지져준 영화  
67,진짜 겁도없어  문따고 들어갈 용기면 워렌부인한테 아빠랑 얘기하고 싶다고 도와달라 하겠다 ㅠㅠ  
68,깜놀하는부분은많은데 그냥그럼  
69,남친하구 재밌게 봤어요  
70,무지개 발암ㅋㅋㅋㅋ재미지다 마지막 시리즈라니 아쉽다ㅜ  
71,조금은 조잡하고 집중이 안될때가 있다많은 이야기를 풀려다보니아쉬운부분이있지만  
72,안무서워요ㅎㅎ안무서서안무서움  
73,기대한만큼 별로였어서 아쉽네요  
74,애나벨  약해졌구나  
75,크게 무섭거나 재밌지않았음 소리로 놀래킬때 깜짝 놀라는정도 시간없을때 킬링타임용으로 괜찮음 동전귀신나올때는 웃겼곸ㅋㅋㅋ 집에서 봤으면 웃겼을듯 여튼 심심한데 영화관가고싶을때봐서 그런지 그럭저럭 괜찮았음  
76,소소한 코믹도 있고 공포영화 답게 깜짝 놀라게 만드는 요소들이 많아서 나름 재밌게 봤습니다 같이 온 관갣르 중간중간  놀라는것도 재미요소  
77,워렌부부가 또 해내는 줄 알고 봤다가 ㅋㅋ주디한테 치임 ㅋㅋ볼보이 밥 어리버리한데 좀 멋짐 ㅋㅋ  개인적으로 더 넌보다 잘 만들었다고 생각되는뎅 ㅎㅎ  엥 아무리그래도 1점은아니지 ㅋㅋㅋ 사람들다가치보는데 놀랠때마다 다같이웃음 중간중간 웃음포인트도있공 110점까지잇는데 사람들은 맘에안들면 1점을줘버리네  솔직히 초반엔 잠이 올 정도로 지루했지만 후반부터는 깜놀의 연속 여배우들 예쁨 근데 눈에 동전 붙이고 나오는 유령들 궁금하면 500원 ㅎㅎ 주기도문이 이렇게 강력한지 다시 한 번 알게 되었음  나름 시원시원한 공포 근데 여자애 발암이긴함  연기도 좋고 시간가는줄 몰랐습니다 무서운데 눈을 뗄 수가 없어요  2보다는 못한데 재미는이씀  기대이상으로 괜찮았 습니다  무서워요 나쁜놈 하나땜에 먼고생인지 ㅋㅋ  무서워요 내용도 흥미진진하구요  아 너무 무서웠어요 ㅜㅜ  악령얼굴들 자꾸 생각나요ㅠㅠㅠ   보는 내내 긴장 됬다  공포영화 치고는 굉장히 잘만든 것 같네요  새삼 내가 쫄보라는걸 느끼게함  기대보다 더 무서웠어요 ㅡㅡㅋ  ㅋㅋ재밌음 무서움 ㅋㅋ 긴장의 끈 놓치지마세요  스토리 자체가 허접함 근데 완급조절이나 텔링은 또 나쁘지않은편임  인형이라고 얕보면 큰일 난다  확실히 무섭긴 무섭다  잊을 수 없는 장면둘ㅠㅠㅠ  아발암개빡 ㄹㅇ 보는 내내 짜증나게 함그외에는 뭐 워렌부부 사건집 총집합 느낌이랄까 나쁘지 않았음  이때까지 본거중에 한 손가락에 꼽습니다꿀잼진짜 꼭보세오ㅜㅜ  다양한 악령들이 나오는데 어째서 더 지루해진건지ㅋ 그래도 워렌부부는 여전히 좋았음 마지막엔 살짝 찡하기도 했고ㅋ  깜짝깜짝 시리즈라서 계속보게 됨 잼났음  지릴뻔 했다ㄷㄷㄷㄷ  언제나 기분좋은 즐거움을 주는 우리의 히로인 애나벨 청순한 소녀들에게 풋풋하고 소중한 추억을 안겨주다  
78,에나벨중에 젤 별로 깜짝놀라다 끝뭔가 허무  
79,뭘 좋아할지 몰라서 다 준비해 봤어 근데 다 싫어  
80,날이 더워지니까 공포영화가 땡겼었는데 재밌게 잘 봤어요  
81,제임스완이 쌓아온 업적을 무너트리는 영화전혀 무섭지않았고 스토리도 너무 뻔하네요결말은 허무그자체입니다 뒤통수맞은 느낌임  
82,앞좌석에서 봐서 그런지 심장 떨리면서 봤네요  
83,그동안 공포영화 다 잘 봤는데 이건 진짜 무섭고 하도 놀래서 담온듯 흑흑  
84,중간에 계속 무섭다가 마지막이 좀 허무했어요  
85,정말 무섭고 스릴 넘쳤습니다 애나벨 인형은 엄청 소름 끼치게 생겼네요  
86,하지말라는거 하지말라구 ㅠㅠ  2가 워낙 잘 만들어졌어서 그렇지 이정도면 시리즈에 누가 될 정도는 아니라고 생각한다  이건 진짜 보시면 안됩니다 그냥 나중에 로 보세요몰입감 1도 안되고 무섭지도 않습니다진짜 어느정도 나면 애나벨1보다도 안무서워요 애나벨2보고 무서워서 기대하면서 봤는데 실망이네요  애돌보미 친구뇬 진짜 발암  아니  들어가지말라는 곳에 들어간 이유가 초반부에 바로 나오네 돌아가신 아빠를 혹시나 영혼으로 만날 수있을지해서 간거네  
87,진짜 무섭지않았나요이정도면 무섭게 재밌는데 얼만큼 무서워야 무섭다는거지  이 영화를 보고 얻은건그저 인물들이 너무 예쁘다는 사실 뿐임  초반엔 스토리가 늘어지고 많이지루합니다 사족이 상당히 길어요 그런데 나중가면 왜그렇게 길게 지루하게 늘어뜨렸는지 알만큼 상당히 공포로 죄어옵니다 일반적인 일상을 보여주고 그후에 옥죄여오는맛이있는 영화네요 상당히 재밌 무서움그자체너무비명을많이지름  진짜 스릴감 넘치고 역시 애나벨은 항상 긴장감있게 보는 재미가 있어요 ㅜ   로레인워렌 지금 까지 고생 많으셨습니다 천국에서 에드워렌이랑 행복하시고 편히 쉬소서  무서워요 오줌 지리는줄  
88,하지말라는건 하지 맙시다  
89,세계관은 인정해줘야된다  
90,애나벨 집으로 재밌어요  
91,괜찮았어유 근데 사람들이 말을 좀 들어뒀으면 좋겠네요 하하  
92,나름 스릴 있게 잘봤습니다  
93,시리즈 다보았는데 나름 괜찮게봤습니다비오느날 ㅎ  
94,다니엘라 걔는 하지말라는것만 골라서 하네ㅡㅡ  
95,놀라 소리 지르는 사람이 많아서 무서움이 줄어들어서 좋았어요  
96,컨저링 인시디어스 등등 다보고 있는사람이라 그런지 좀 예상 가능한 느낌제임스완 감독 스타일을 쫓고있기는 하나 뭔가 2부족했음  
97,딱그냥 먼가 볼만한정도 그이상도 이하도아님 차라리 더넌 컨저링2 이런게 재밌었던거같음  
98,뻔한 내용이긴 한데 볼만 함  
99,핵노잼 그냥 영화보는돈으로 불우이웃돕니다보지마요  
100,솔직히 공포영화 겁나 못보는 쫄보 둘이서 가서 봤는데 놀란장면 두세번 있고 안무서웠음  
101,친구랑 보고 왔는데 재밌게 잘 보고 왔다 컨저링 시리즈는 다 갠춘한듯ㅎㅎ 이따 컨저링 딴 시리즈 봐야징ㅎㅎ  장난하나 역대급 노잼이다 귀신만 잔뜩풀어놓고 정리가 하나도안되네  에나벨을 가두어 놓기에는 유리관이 너무 허술 한   거 아닐까요디지털 도어락이 있었다면  
102,재밌어요 극장에서 볼만한 영화임 추천  그래도 컨저링 유니버스 애나벨시리즈 12편 보다 3편이 그래도 제일 잘만들었다 생각합니다볼만해요 극장에서 사운드 빵빵하게 보세요  1편2편 중에 젤 잼섯고 다니엘라 씹트롤이네 ㅋㅋ 어캐 그걸 다 건들 생각을하냐  공포영화보다 잠든거는 진짜 태어나서 처음임  개노잼 중간에 지루해서 졸았음 내가 왠만하면 공포영화볼때 안자는데 이건 뭔가 질질끄는건지 뭔지 넘 기대하구봐서그런가 노잼쓰무서운영화 잘보는사람은 보지마세요 켁  뭔가 없는스토리 쥐어짜는느낌이였어요악령인데여자두명이유리관힘줘서닫는다고닫아질거였으면ㅋㅋ그전엔왜케강했을까  다른 공포영화와 달리 쉴틈이 없어서 좋았음  에나벨 한 번 볼 돈으로 차라리 알라딘을 두번 보게 훨씬 나을 거 같다 이거 공포영화냐  스케일이 점점 작아진다 그냥 공포의 집 수준이네  
103,나쁘지 않았네요 컨저링1을 뛰어넘는 걸작은 나오지않을듯  결말이 띠용인데 무서운 장면은 ㄹㅇ 무서웠음앞자리 커플 중간에 나갔음 무서워서  
104,영화는 그럭저럭인데 무서운거 못보는분들은 주의하세요  제임스완 제작그만하고 연출해  
105,우리 나벨이 언니가 늙었는지 약해지면 재미가 없잖아ㅡㅡ  역대급 노잼이네요 공포영화 좋아하고 컨져링 시리즈라 기대도 컸고 한달전부터 개봉날만 기다렸는데 왠 로맨스코미디 정말 대실망입니다 10분까진 재밌었네요  흠 내가 너무 기대를했는가 기대했던것보다 안무서워 놀랬네요 ㅠ 왜 퇴보했냐고  인시디어스 컨저링 애나벨 시리즈들 통 틀어서 제일 지루하고 재미 없었다 깜짝 놀라는 부분 몇개 있지만 전체적으로 지루하다  진짜 여태컨저링 애나벨 더넌 유니버스 다본사람으로써 나솔직히 오늘개봉한줄도몰랐다가 남친이 개봉했다길래 신나서 9시타잉으로 봄아진짜 그냥 코웃음나옴  놀래는부분도있겠지 갑자기 뽝하고나타나는데 거기서안놀랠사람어딨나  아 
106,무서워 야나벨 시리즈 중에서 제일 몰입해서 봤어용 무서웡  
107,1하지 말라면 하지 말자2때려서 키워야 한다  난 진짜가무서웟는데 ㅋㅋㅋ애나벨중에 젤무서웟던ㅊ편인듯  솔직후기솔직히 내용은 재밌음 여주도 이쁘고근데 내기준 무서운부분 없었음 무서운부분 언제나올까 조마조마하다가 끝남 무섭진않은데 재미는 있었어서 본거 후회하지는 않음  기대하고 봤는데 딱 급영화흠 공포영화 유니버스는 인시디어스가 최고인듯하네요 ㅠㅠㅜ 컨저링은 후편으로 갈 수록 망하니 참  공포영화계에 스탠리라고 불리는 감독 제임스 완이 투자만 하고 빠졌지만 충분히 무서웠다 부실하다고 생각되는 스토리라고 생각되지도 않았고 엔드게임에서 받았던 전율만큼 여기선 소름으로 바뀌었다 중간중간의 갑툭튀도 지릴뻔했 재미도없고감동도없고  지인 추천으로 봤는데 무섭네요 ㅜㅜ  워렌 부부 분량 초반에 잠깐 있고 나머지는 셋이서 끌어가는데 워렌 부부 없이도 너무 쫄렸고 긴장됐음생각보다 애나벨이 쉽게 갇힌 느낌도 있지만엄빠 닮아서 그런지 주디는 되게 용감했고다니엘라는 죽었으면 했는데ㅎ 개 워렌부부 보살이네 나 였으면 악령이고 뭐고 다 후두려 팼다 기껏 도감다 모아놓으니깐 봉인 해제 시키네 ㅋㅋ  
108,보는 내내 진짜 고구마만 먹은듯  애나벨 시리즈 다 봤지만 이번건 너무 재미 없었고  임팩트가 없어서도 아쉬웠음   
109,애나벨 치곤 안무서웠는뎅 걍 시리즈니 볼건 봐야죵 ㅎㅎㅎ  
110,기대보다는 전작 보다는 별로였어요  보지마세여 그냥 막판엔 무슨 감동 쥐어짜내기 시전  졸다나옴돈아까워 진짜ㅠ  
111,솔직히 아쉬움이 많은 영화 컨저링보다 무서운건 없는것같음 산으로가는 스토리가 다소 아쉽다는 말밖에  다커플임가지마셈난볼남자가없어서 개부랠협박반강제납치해서감 오늘본커플이하는말울공주님놀랬어요오빠가애나벨혼내줄가캄서 77ㅑ할때마다키스함개씨실제로저기가면 늑대인간봤다고 쨀먼져쫄아가 숨는애가남자 
112,좀 무서우려고 하면 별거아니고  컨저링을 보고나선 세례를 받을까 고민했었는데 이 영화를 보고나선 걍 ㅈ밥들이구나 생각했습니다  
113,2는 명작 3는 집에서 혼자 봐도 실소할 영화제임스완 더넌부터 시작해서 요즘 왜 이러나요  
114,역대 가장 안무서운 영화였습니다 애들로만 영화를 찍어버리니 쥬니어용 공포영화가 되버림  
115,이거 볼빠이에 그냥 집에서 처자셈 그게더 이들  
116,추천 볼만함ㅋㅋㅋ갑툭튀요소많음  
117,요근래 공포 영화가 개봉해도 상영관을 많이 잡지 않아서 볼 만한 걸 못 찾고 있었는데 그래도 상영관 많이 잡는 공포영화가 나와서 좋네요  0점은 없나  발단전개위기절정결말절정  결말 참 휴내가 돈주고봤다는거에 진짜 어제의나를 죤나게줘패고싶네요 보다졸았어요 별점 56789 10점 주시는분들은 알바에요 재밌어요 진짜 이게  짱무서웠음 애나벨 시리즈 중 제일 무서움  
118,나는 쟈미있게 잘봄 ㅎㅎ  건들지말라는건 건들지말고 좀 말좀 잘들으면 참좋냐아  
119,발암캐릭터들로 전개되는 전형적인 스토리집으로가 놀이공원에 있는 유령의 집 으로 라는 뜻이었던듯 그정도로 귀신이 아기자기하고 소소하게 놀래켜줌 처음으로 이 시리즈 계속 보고 있는 내가 안타까워짐  
120,어제 시사회로 봤는데 나땜에 옆사람 놀라고 옆사람땜에 나도 놀라고 애나벨은 찐이거든  급식들  또  팝콘으로 어그로 끌면 쥐긴다  무서운거 잘 못보는데 이건ㅎ 뿔달린 악마 나올 땐 웃기기까지 하더라 컨저링 시리즈 좋아하는데 진짜 제일 실망스러움 처음엔 짜증나고 중간엔 이게 뭔가싶고 제목은 대체 왜 애나벨인지 이도저도아닌 느낌  스토리가 없어요 별로네요  전작들도 다 영화관에서 너무재밌게 봐서 이번것도 기대 많이 했는데전작품들에서 봐오던것들을 그대로집어 넣어서 식상했음재활용 한것들 치고 연출은 좋았는데 그외에는 다별로분위기만 잡고 무섭지는 않음  악마 개쫌생이애기랑 엄마 위협하는 수준이  전혀 무섭지 않습니다 기대가 컸나 봅니다  무섭지도 않고 구성도 전체적으로 엉성하고 허술함  뭐 영화를 이따구로 만드냐 스토리가 너무 예상감 개뻔해무섭기만함  진짜 도대체 에나벨 시리즈가 인기가 왜 많은지 알 수가 없다 잔잔하니 너무 노잼 공포영화 너무 좋아하는데 얘 시리즈는정서에 맞지않는건지 진짜 취향 무썸남썸녀랑 보면 썸 깨질삘 너무지루해서  더 넌까지는 무섭고 심장이 두근두근 거리고 눈을 가렸지만 이 영화는 코미디ㅋㅋㅋㅋ 너무 억지로 만든 개연성 1년1작품이라는 급박함이ㅜ  핵노잼개노잼더럽게재미없고답답하고안무서움  영화 보다가 잔적이 처음이다 구구절절한 설명과 비틀지 않고 걍 고대로 넣은 클리셰 하지말란거 꼭하는 주인공 식상하면서 너무 질질 끄는 연출 일본에서 만들었나 싶은 저렴한 특수분장  이름만 갔다 쓰고 감독이 바뀌니까 히트작들하고 느낌이 너무 다름 어둡고 잘안보이는 답답하기만한 화면에 유령들은 3류 크리쳐물티가 나고 입냄새로 죽이려는 건지 얼굴에 대고 괴성만 지르니 긴장감이 없다  영화관에는 정적만 흘렀다고 한다 가끔 너무 웃겨서 피식함 ㅋ  갈수록 낮아지는 기대치 그럼에도 불구하고 매니아관객의 니즈를 충족시켜주지 못하는 영화  육개월만에 공포영화 봤는데 지렸다  제일 무서운 실제 케이스 바탕으로쏘쏘의 영화를ㅠ  재미없어요별로 무서운장면도 없음  너무무섭다  진짜 안무서움  조나무서 조난무서버  컨저링1보고 충격 씨게 받아서 2랑 에나벨도 찾아서 봤어서 이번꺼도 기대하고 봤는데 너무 뒤통수 맞은 느낌제임스완 이번 영화도 각본이랑 연출만 담당하고 메인 감독이 어스 만든 제작진이라는데 이번꺼도 보고 기대이하면  요로나의 저주 개노잼그거 보고 영화관에서 이거 봤었는데 요로나를 봐서  그런지 무서웠음  컨저링과 애나벨은 어떤 관계라고 봐야 될까스핀 오프   처음에는 괜찮았으나 점점 갈수록 별로어떻게든 공포분위기 만들려고 노력한 영화입니다결말이 너무 허무하고 어이가 없음  다니엘라 개극혐 베라파미가랑 그의딸 주디 연기 너무잘함  
121,개무서움엄청무서움인정  애나벨 시리즈는 그냥 킬링타임용 갈수록 연출이며 스토리가 너무 억지스럽고 재미나지 않지만 소소  만지지 말라는걸 만지다가 결국 큰화를 불러일으켰다  
122, 더 넌보다 최악인 컨저링 시리즈가 나올 줄이야분위기만 계속 깔고 전혀 무섭지 않습니다  
123,음 이전 작품과 매끄럽게 이어지지는 못하는거 같다귀신 총출동은 재밌었는데 엑소시즘부분은 좀 아쉽  어둡기만 하고 떡밥만 던져놓은  무서운것 만큼은 좋았지만 재미는 그닥  이 영화의 교훈  제발 하지 말라는 것들은 좀 하지말고 만지지 말라는 것들은 만지지좀 말자  제임스 완을 감독으로 데리고 와라  늑대유령은 대체 왜집어넣은거야 앞시리즈 욕보이려고만든거야뭐야ㅡㅡ  이 영화는 저의 최애 공포영화  3에 들어가는 영화고요기대하고 봐도 기대 안 하고 봐도 재미있는 영화 입니다그리고 진짜 다들 하지 말라는 것들은 진짜 하지 맙시다  심심할때 생각없이 보기엔 괜찮음  
124,약간 그냥 저냥  흠 그냥  별로 무섭지 않았고 그냥 멍때리다 보니 어느새 끝나있던 다니엘라 행동도 너무 이해 안가고 개연성이 별로 없는 듯 했음  시리즈 전부를 다 본사람입니다 그외 인시디어스 등등꽤 몰입도 있습니다 다만 제임스 완이 감독일때의 감동은 없답니다몰입도는 있는데  공포감은 떨어지네요 다만 오컬트 호러물 자주 보는 사람들은 면역이 되서 시시 친구 진짜 재수없네 꼭 저렇게 사고치는것들이 있어요  보면서 하품 총 8번함컨저링 시리즈 중 제일 못만듬 판타지영화인줄  
125,공포심은 전작보다 별로 였어요  
126,무서웠어요 아이가재미있데요  
127,정말 재미없구무섭지않은 공포영화  이제 그만하자 일반 호러물보다도못함  공포영화 매니아라 그런지 재밌었습니다  재미없을줄알고 영화관에서안보고 무료다운받아서  거의다봤는데 ····무서운거 1도없었음갑툭튀늑대인간무엇 쨋든 노잼각잡았음ㅋ  애나벨 시리즈 중에 제일 재미없는걸 돈주고 다운받는건 좋은데 난 그냥 대여만 원하는데 구매만 가능하게 하다니실망이야ㅠㅠ  전작들과 비슷함의 반복 새로울 것이 없는  
128,조금 놀랄정도에요 볼만해요  
129,그저그런 공포보다는 좀 주인공들이 짜증나는 영화  와 이렇게 안 무서운 공포영화가 다 있네ㅎㅎ  
130,가만히있는거 괜히 건들지 맙시다 ㄹㅇ  애나벨을 추억속으로 보내버린 호로작  
131,공포영화는 무난하게 항상 재밌게 보는 편이라 호  말 안들으면 쳐 맞아야지  공포영화라기엔 안무섭고 성장영화라기엔 허무함  공포영화 잘 못보는데 내가 놀랄장면이 없었네 제발 만지지말라는건 만지지말고 들어가지말라는건 들어가지마 다니엘라야 아빠 한 번 더 보겠다고 하려다 주디랑 메리엘렌까지 골로 보낼뻔했다 너가  왜이리졸리는지따분  이건 참 차라리 한국 공포영화가 더 볼만하겠네요 진짜 노잼 그나마 다니엘라 찔릴 때가 제일 재밌었어요  
132,재밌다 아주 애나벨은 무섭다  1도안무섭다 ㅅㅂ폴더가이스트 현상 졸라 노잼귀신도 전혀 안깜짝놀람심장박동수 단 1도 증가안함  그동안 쌓아놓은 애나밸 팬덤을 비급 연출로 한순간 말아먹는 전형적인 망작 후속편 역대 최악의 한숨 나오는 애나벨 속편  
133,너무너무너무너무어무 재미없다  존나 암 전개 진심 패버리고싶을정도로 말을 안쳐듣는 대니엘라  공포영화가 꽁트나 드라마로 바뀌면 어쩌자는거임  워렌부부는 왜 주연이라고해놓냐 한 20분나오냐 ㅋㅋ 거의 날강두수준이네 아 강두형보다는 많이 나오니까 주연맞구나  
134,전편에 비해 그닥  
135,1  
136,아이고남편 하나도 안 무섭답니다  이때까지 컨저링 인시디어스 애나벨 시리즈다봤는데 두눈 다뜨고 끝까지본건 진짜진짜 처음임  최악이여씀정말ㅠㅠ 늑대인간 기타로패버리기  빔프로젝트로 구마의식 해보리기 딱 패러디영화 느낌임 워렌부부는 아에  무섭지가 않았다ㅠㅠ되려 답답소꿉놀이로 밖에 안 보였음  그저 웃지요 ㅋㅋㅋㅋ 소재가 다 떨어젔나보다  그냥 디즈니용 애나벨    악령들이 애들을 겁만주지 해할 생각이  없어보일정도  유치찬란 젤 재미없었다 앞으로 이러다 얘네꺼 망할조짐 보인다  과도하게 질질끈다전개도 역대 최악  보면 안되는 영화 궁금해도 패스  그러게 워렌씨네 창고를 건드리면 지는 겁니다  나 진짜 컨저링 인시디어스 애나벨등 제임스완 제작 어쩌고 하면 다봤는데 이번껀 아니올시다다  시리즈중 최악 재미도 없고 안무섭고 급마무리로 퇴치에 뿜었다  나지금 보면서 평하고있는데 진심 재미드럽게없고 폰으로 페북하며 멀티태스킹중이고 눈은 점점 감기고 차라리 에나벨이 움직였으면 더재밌겠다는생각들고 쉬부라이 드럽게 재미없네ㅗ 알바들아 얼마받냐 나도 용돈이나좀 벌어볼까 
137,클리셰 그냥 깔짝이다 끝남  이번꺼는 진짜 실망이다 15세관람가가 아니라 12세관람 수준컨져링때문에 눈이 높아진건가 진짜 너무 유치한데  베이비 시팅을 당하는 애가 되레 베이비시팅은 필요가 없고 언니가 싼똥 치우네 차라리 혼자 있었으면 별일 없었을 텐데 ㅋㅋㅋ  이번 영화는 없던 걸로 하자  암 유발자가 여자일수록 재미도 같이 떨어진다 주인공들도 들러리로 나오고 색다른 점도 없고 식상한 레파토리  같은ㄴ ㅛ ㄴ 꼭 저런ㄴ ㅛ ㄴ 이 어딜가도 있다닌깐 남의집에서 가만히 처있던가 꼭 나대는것들디져야지  열지말라는거 여는년 진짜 빡치는데ㅋㅋㅋ저거 여는사람도 있어야 영화가 시작하죠ㅋㅋㅋㅋ  일단 하지 말라는 짓 다 하는거부터가 답답 남의 집에 처음 가놓고 물건 막 만지고 하 그리고 먼 구스범스 보는거 같았음 다음 장면들 다 예상되고 그냥 해결하는것도 완전 허무하게 해결하고 주인공 애기가 
138,베리베주제이가이란비  
139,글쎄 애나벨이라서 보긴 봤지만 쓰읍  
140,그저그럼 무난한 영화다  
141,만가지 악령이 모두 나오는 영화라 다소 번잡스럽게 보여지네요  
142,생각보다 재밌었어요  에나벨 비중이 적은것이 유일한 단점  전작보다  못함  스토리가  부실하긴  한데  그래도  볼만은  함  언제나 중박정도는 쳐주는 브랜드  1편 2편이 훨씬 무서움  여름에 추워지는 영화  진짜 소름돋는 영화 시리즈중 역대급  딱 중학생 수준 공포영화  시리즈 다봤는데다니엘라가 제일 무섭고 소름왜 아무거나 만지니  동화도아니고호러타이틀 떼야할듯 이영화  
143,재미져요너무너무하하하  망할 하는데가 없네코엑스나 센트럴이나 강남 씨지비 메가박스 강남 동대문도 괜찮으니까 아무데서나 해주시면 안되나요 공포영화 영화관에서 보고싶은데 곤지암 빼고 영화관에서 본 공포영화가 없어슬프다 하 안산까 역시 애나벨시리즈 후회없는 선택이었네요  너무 재밋고 긴장감 대박 소름끼치네요 깜놀  심야로방금보고왔는데역시기대안하고봐야존잼♡여태본외국공포영화중최고  남의 물건을 함부로 만지지 말자평소 이슈에 관심을 가지자  볼만해요 애나벨 2가 더 재밌고 무섭긴 한데이것도 나쁘진 않아요 별로 안 무서워요  주디가 너무 예뻐요 영화 내내 귀신은 뻔했고  컨저링 유니버스 최근작들에 실망을 하도 해서 기대없이 봤더니 그래도 볼만은 했다 나름 짜임새 있는 서사를 가진 호러물이었는데 이제 그냥 깜놀영화 수준에 더 가까운 듯 ㅠㅠ 그래도 특유의 매력은 좋다 제임스  너무 평범 그자체어디서 나올지 다 예측이되는영화  
144,이번엔 악령들이 엄청 많이 나와서 더 볼만했던 거 같음  
145,눈물날뻔 ㅜ 4천원내고 봐서  망정이지   
146,예상했던 결말로 흘러가긴 했지만 볼만했어요  수입맥주 만들던 회사가 갑자기 카스만든것 같다 ㅋㅋㅋ  
147,그럭저럭 볼만 합니다  
148,컨저링 유니버스 계속 나와주세요  
149,멍합니다응 ㄱ대말고 걍보시면 좋어요  제발 이제 뭐 좀 나올 때 되지 않았나 생각만 하다가 끝나버린 영화 공포라기엔 하나도 안 무서움 진짜 전  혀 안 무서움 이건 아니지  제발 이제 뭐 좀 나올 때 되지 않았나 생각만 하다가 끝나버린 영화 공포라기엔 하나도 안 무서움 진짜 전  혀 안 무서움 이건 아니지  이런 영화라면 더이상 그립지 않을 것 같다  에나벨 시리즈중에는 눈뜨고 다봄  아보기 전인데공포매니안데후기가 불안하다  에나벨 무섭네요 무서워서 혼자 소리쳤어요  
150,그렇게 무섭진 않았지만 존잼  전작만은 못하다 엑소시즘의 부재로 덜무서움  공포 장치는 ㄱㅊ은데 내용이 좀  노잼입니다  로레인 워렌이 뭔가를 느껴서 워렌 부부가 좀 더 일찍 집에 와 악령들과 사투를 벌였어야 했다 애들 상대로 싸우다보니 악령들이 약하게 느껴졌다  
151,사다코대가야코를 본느낌 애나벨 시리즈 중에서는 별로였던것 같아요  
152,재미있다재미있다재미있다재미있다  
153,괜찮은 추억을 다시 만났다  
154,다니엘라는 짜증 그 자체였지만 스릴도 있고 나름 재미있게 본 듯  
155,놀랍기도 하고 잘 감상했습니다  너무 무서워서 팬티를 머리에 쓰고 잤네요 게이새이들아  난 존잼인뎅 좀 이해 안되는 부분도 읶지만 만족  주디 귀여워ㅜㅜ 볼만해요 보세연  
156,재밌다  하지만 혼자보지는 마라 ㅋㅋ  갑툭튀 졸라 심하네  볼만해요그리고 무섭지는 않은데 깜짝 놀래키는게 재미있었어요 저는 그 동전귀신이 가장 무섭더라구여  
157,내가 워렌부인이었어도 다니엘라후드려팼다 리얼 다니엘라가 너무 막장이라 개연이 이상했음  
158,굿굿 재밌었어요 또 보고 싶어요  진짜 믿고보는 애나벨 짬뽕같다는 소리 듣고 좀 망설였는데 망설인 시간이 아까울정도로 재밌었습니다단 한가지는 심야로 보세요  
159,너무 재미있게 봤습니다 최근본 공포물중 최고입니다  
160,하지말라면 하지좀마  
161,무섭지만 재미있었어요 스포는 참겠습니다 ㅎㅎ  애나벨 사랑해 근데 이번엔 좀 임팩트가 약했다 애나벨이라기보단 컨저링 유니버스 총집합 ㅋㅋ미래에 나올수도 있는것들 떡밥이 엄청나게 많았다 워렌부부 박물관에 궁금했던 사물들도 다 알려주고  
162,하지말라는거는 안하는게 답  
163,쥬만지 공포영화 버젼같아요  
164,그냥저냥 머 그럭저럭 음  
165,엄청깜짝깜짝놀랐어요 조금 지루한면이 있네요  
166,나름 중간중산 놀랫지만 흠그냥 볼만 배우 인물들이 넘 이뻐서 얼굴만 본거같음 ㅋㅋ  긴장하면서 봤네요 심장이 콩닥콩닥  돈이아까울정도로 재미없는정도는 아니였고 나름 무섭고 좋았어요  컨저링애나벨 전 편들에 비해 내용이 없고 덜 무섭긴 한데 돈이 아까울정도는 아니었어요 안좋은 후기들만 봐서 기대를 안한것도 있지만 나름 재밌어요  반점을 주기도 아깝다 지루한 전개  생각보다 그리 무섭진않음  
167,제임스완이 없는 컨저링 유니버스의 한계  역시 무서운건 인정하는데 내용이 너무 뻔하고 개같음  그리고 마지막에 베이비시터 친구년떄문에 워렌부부  자기딸 뻔했는데 부부는 그럴수있어 ㅇㅈㄹ 하듯이 전개하니 ㅈ같드라  좀 너무하다 이번건 ㅋㅋㅋ  생각보다 훨씬 재밌었는데  재밌는데 발암도 있음 하지말라는건 다 해 ㅡㅡ  그냥 급을 넘어선 급영화였다  
168,많은 평에 나와있듯이 귀신의 집에 간다면 이런 느낌일까 싶었음 ㅇㅇ 하지만 나온 귀신들이 전부 시리즈에 있을꺼 같다고 생각하니 더욱 자세한 이야기들이 기대감을 키우게 만들었음  
169,티켓구매는햇으나 보지못함  보면서 스트레스받음 무서워서 ㅠ 8점은 결말이 급하게 끝나버림결말이 아쉬워서 8점  
170,하지 말라는 건 꼭 하는 공포영화  무서워서 거의 못 봤는데 존잼이었다  심야영화로 보는데 영화관에서 모든 사람들이 아 발하며 놀라고 그 후에 내가 뭘 본건가 싶은 영화 보고 난 후에 남는 여운도 없고 그냥 집갈때 무서움 칼든여자가 다가올때 무섭고 땡그랑 한푼 땡그랑 두푼도 소름  역대 시리즈 중 가장 실망스러웠습니다  애나벨 내가벨튀하는게 더무섭겟다  컨저링 애나벨 시리즈 중에 최악 나중에 풀리면 보세요 진짜 안무서워요  제가 에나벨 12를 다 본입장으로써 3편은 그냥 저예산으로 돈만 벌려고 급히 만든 느낌이 강했구요 만약 에나벨3 안에 나오는 다른 악령들이 에나벨 중심 영화에서 한번씩 나오긴 하였지만 조금 더 잘 묘사되었으면 영화 ㅈ노잼 지루함그냥  오랜만에 박평식 평이 극공감됐다  별5개는 전부알바임공포영화보고 무섭지도안고 후유증도없긴 첨입니다별한개도아깝다는밤에 여자혼자보러갔는데 아무렇지안다는건 말다한거겠져  진짜 거짓말안합니다 알바도아니고 그냥 시민으로 말씀드릴게요 개호로 잡영화임  제가 감독이였으면 중반이후에 다 날려버리고 다시 찍었을 것 같아요  하나도안무섭다 웃기다  ㅋㅋ개그콘서트 급 이네  어벤져스인줄 알았는데 저스티스리그였다 ㅅ  ㅋㅋ 진짜 알바한데 제대로 낚여서 2시간 2만원 버리고 잠떄렷네요 ㅋㅋ 무섭기는개뿔 그냥 동네 귀신 싸그리 모아다 말도 안되는 장면으로 떄려박은 두시간 그냥 영화보다 텐션 개떨여저서 두시간동안 잠들엇네요 ㅋㅋ 이 그렇게 많은 소재를 가지고 이것밖에 못 했다는게 너무 아쉬운 영화  솔직히 사탄의 인형보다 더 낫고 무서움  볼보이 밥이 젤 불쌍ㅜㅋㅋ  즉당한 공포 식상한 연출 사운드는 역시 굳  일단요 진짜 제가 손모가지걸고 재밌어요 재미없단사람들은 이해못할정도로 이거영화보신다고하면 추천드리구요 근데  진심제가 우렌부부였음 다니엘라 팼어요 진짜 ㅋㅋㅋ 워렌부부가 진짜 성격좋고 착한거임  그냥 그랬어요 무서운 장면은 그닥 없늠  너무 정들어버린 애나벨 무섭지 않아 ㅋㅋㅋ  헉 무서웠어요 윽  피자를 훔쳐먹네 역시 악령이다  보는내내 심장쫄렸음무서운데 재미있었음  제한된 공간에서  나름 공포감을  잘살렸다  너무너무 재미나게 잘 봤어요  꼭 봐야해요 강추입니다♡♡  ㅠㅠ기대했건만개봉 첫 날 봤는데너무지루하고 전개느리고 재미없네요결말도 허무  저는 제가 기대하는 컨저링 유니버스였어요 순수 공포영화보다는 오컬트판타지에 봉인물 학교괴담 같다는 평도 이해가는데 이제는 세계관을 아니까 납득이가는 영화 긴장감도 다니엘라 스토리도 좋았어요 워렌 부부딸은 너무  컨저링유니버스팬을 위한  팬서비스및 아동용 타겟영화  넘나 무서븐 것 실화라니  무서웠어요조용하니까 더무서운거같아요  오늘 이불덮고자긴 글렀습니다 ㅋㅋㅋㅋ  무섭네요 ㄷㄷ 애나벨시리즈중 가장 좋았어요  애나벨 유니버스 점점 진화중  무서웠어요ㅠ 연기력 짱짱  혼자 봤는데 무섭지가 않았어요 뭔가 허무하게 끝난 느낌 그래도 애나벨 시리즈를 좋아한다면 볼만해요  너무 놀라 소리지르고 나니 나 혼자으악ㅋㅋ  재미있게 봤지만 전 시리즈들에 비해 조금 유치하다는 생각이 들었습니다  볼만하요 믿고보는 에나벨시리즈  스토리가 좀 아쉽긴한데 그래도 무서워요  생각보다 무섭고 섬짓했어요 무더운 여름밤에 보기에 제격이네요  깜짝놀라면서 봤네요ㄱㅋㅋ  흑흑 ㅠㅠㅠ 무서웠어요 ㅠㅠ  깜짝깜짝 놀라서 팝콘도 제대로 못먹었네요ㅋ  귀여운 소녀들의 용감한 반란  예상 못한 장면들이 있어서 재미있었어요  더위를 날려주는 공포 재미있어요  마무리가 좀 아쉬워요 그래두 재써요  역시 애나벨 시리즈네요  정말 무섭고 재밌었습니다  애나벨은 2가 제일 무서웠던 것 같다 이번 편은 주요인물이 너무 스트레스 유발자였고 무서운 부분도 있긴한데 늑대인간은 왜 넣었는지 모르겠고 그래도 다른 공포영화보다는 컨저링 시리즈가 조금이라도 더 나으니까 스토리는 뻔하지만 무서웠습니다 킬링용으로 괜찮아요  개연성이 좀 구리긴 해도 중후반 악령들 다 나와서 무섭지 하는데 진짜 무서웠다  재미있게 봐써요 주디는 용감해요  재밌게 봤어요 역시 애나벨  공포영화에서 느껴보는 시원함  컨져링 유니버스야 더더 발전해라  제임스완의 시리즈 회가 거듭될수록 점점 재미가  역시 애나벨 긴장감 최고  딸램이 친구들과 재미나게 봤다고합니다  재미있게봤어요 굿굿 다음편도 빨리보고싶어요  기대이상을 무서웠어용ㅠㅠㅠ  인형이 주는 공포와 빙의된 인간의 공포를 비교해보다  애나벨 시리즈 중에서 젤 무서웠던거 같은데  역시 제임스완♡기대한만큼 무섭고 넘 재밌었음 또 나왔쯔면  지금까지 본 컨저링 유니버스 중에 몰입감 최고  애나벨과 함께 하는 헬파티ㅋㅋ  마지막후반에 너무 무서웠어요ㅠㅠ  재밌었고 스릴있는 영화  잔인하지도 않으면서 음향효과 만점 얼마나 놀랐는집  무섭고 재미있었어요 아이들과 무서운 영화 제대로 봤네요  그닥 무섭진 않았어요 뭔가 아쉬운 느낌의 영화였어요  아쉬운점이 있긴 하지만 그래도 특유의 영화분위기와 긴장감 잘 느끼며 봤습니다  많이 무섭진 않았고 나름 재미있게 봤어요  깜짝 놀래키는 것만 많지 스토리도 없고 12편이랑 이어지는 것도 없고 애나벨 컨저링 시리즈 중에선 단연코 최악ㅠㅠ      주디야 생일축하해 계좌부르고  그래도 볼만했습니다  방금 심야로 봤는데 무섭긴 한데 스토리 구성이 아쉬웠어요 ㅠㅜ 뭐가 더 있겠지 했는데 읭 딸이 나름 큰 활약하긴 했지만 뭔가 부족함 시리즈 중에서 컨저링2가 여전히 넘사벽  
171,재미없어요 사람마다 다르겠지만 저한테는 클리셰라는 단어를 떠오르게 해준 영화입니다  이번엔 1편 2편에 비해서 왜이리 못만든건지  꽤 재밌긴했는데 마악 뮤서윤 장면이 적어용  와 니게어떻게 7점대냐ㅋㅋㅋㅋ 이거 볼바에 마담싸이코 보는게 100만배는 나을듯  알바에낚였다  
172,재밌지 않은 무서움 탄탄하진 않지만 볼만은 했다 쫄깃함도 전편에 비하면 들하다는 것치고는 그리고 마지막은 나에게 큰 충격이었다 또 하나 더 허무하다  그냥 쥰내 재밌음 
173,들이 일부러 웃는거 빼고 다 좋았음  여주 이쁨 제발 문같은건 열지말라면 가만히 냅둬라  공포영화에 틴에이지 영화의 감성 한스푼 시종일관 어둡고 숨막히기 보단 중간중간 피식 읏을 수 있고 풀어주는 느낌이 있어서 보기 좋았다  주디ㅎㅎ쭈디 깜짝깜짝  아 애나벨 12는 안봐서 비교하는거는 모르겠는데 개인적으로 너무 무서웠어요 동전귀신 너무 무서워요 보는 내내 추워서인것도 있지만 다리가 후들후들 거렸네요  중간에 팝콘먹다가 무서운 장면 때문에 소리지 무서운데도 끝까지 보게함  방금보고왔다시리즈 중에서 스토리의 개연성이나 무서움이 확실이 덜하다솔직히 지루했다근데 마지막을보면 그래도 이해가된다  다니엘라 진짜 짜증남애나벨 시리즈로 다 봤지만 거기서 거기인것 같음그래도 무섭기는 하네요  다 건드렸어 듣고 뒷목잡는 영화  입틀막너무 무서움소리만으로 압도적  제임스완이 홍보하길래 직접 감독한줄 알고 봤는데 이게 제임스완 감독 퀄리티라고 라는 생각이 들정도로 이전 시리즈들에 비해 재미없었음 아니 그냥 컨저링 유니버스 작품들은 1편들 빼고는 다 킬링 무난하게 볼만은한데  레전드  시간 금방 가는줄 존잼 레전으영화관에서  혼자서  잘봤습니다 애나벨 레전드   개무섭워요  집갈뻔 했습니다레전드  아이들은 원래 하지말라는건 더 하는것임열지말라고하면 호기심 생겨서 열것이며건들지 말라고 하면 호기심 생겨서 건들게 되므로아이들에게 명령조로 말하면 안되며 부탁어조로 말을 해주고 설명을 해주면 안합니다훈육 극장에서 봐야하는 영화  이거 재미없다는 애들은 영화에 목숨걸고 비평가 빙의해서 보냐 요로나보다 재밌더만 방금 영화관갔다왔는데 무섭고 재밌더만 ㅗ  쫄리네요ㅠㅠ 공포영화는 여윽시 밤에 봐야 제맛  제임스완이라 믿고 봤습니다  그럭저럭 양호합니다  모자라지 않은 연출에 과하지 않은 공포감  팝콘 먹을 수 없을 정도로 긴장해서 봤어요  솔직히 볼만하긴했음  스토리도 괜찮고 재밌었어요  계속 나타나서 무서웠음  워렌부부팬이에여 이번에 돌아가셔 너무 슬프네용 ㅜㅜ  역시 이번에도 무섭고 재밌었는데 좀 뭔가 짧게 느껴지네요 ㅠㅠ  찌릿찌릿한 공포감 으으  무섭고 진짜 스릴넘쳐요  보는내내 긴장하고 봤습니다 간만에 괜찮은 공포영화가 나온것 같네요  무서워서 보는내내 긴장하면서 보게 됨ㅠㅠ  왜 만들었는지 알겠네ㅌㅋㅋ  공포영화 잘보는 편인데도 이건 좀 무서웠어요ㅎㅎ  이때까지 공포영화 몇개 안봤지만 이번에 실망했습니다 애나벨 1도 봤는데 이건 돈아깝다 솔직히  남자친구도 쫄정도로 무섭데요  왠만한 강심장 아니면 진짜 무서울 것 같다  와 정말 무서웠어요 집에와서도 계속 움찔  아빠 보고싶엇어도 그렇지 줘패버릴뻔햇다  엄청재밌게봤어요 진짜 개무서움  제2의 처키냐이제 그만 집으로 보내주자  솔직히 한국 삼류 공포영화들 곤지속닥보단 100배 낫다 세계관도 재밌고 이젠 애나벨 인형 모습에 익숙해 진 것 뿐 같이 간 애나벨시리즈 안 본 친구는 무서워 죽으려고 하더라  지루하고 지루한 영화결말조차 유치하고 최악이었음애나벨2를 기대하고 봤다가 실망을 넘어 분노다니엘라 개때리고싶고베이비시터가 어떡해어떡해 할동안꼬맹이가 다 해결함 ㅡㅡ  공포영화 반이상 못보는 나도 너무 어처구니없을정도로 안 무서움  끝이 너무 허무함  관람권이었으니 망정이지  아이가 달라진거 같더라니 배우가 바뀌었다 처음부터 이질감을 느끼고 시작 워렌부부는 겉저리에 불과하게 나와서 컨저링 시리즈를 생각하면 안된다 아울러 애나벨3 가 아니라 구스범스3 라고 부르는게 알맞을듯하다  진짜 이렇게 재미없는 영화는 처음인데 시간은 왜래 빨리가는건지 이제 시작인가 싶었는데 끝나더라 애나벨 집으로더니 ㄹㅇ 집으로 뛰쳐갈뻔했다 잠와서  공포를 기대하며 이 영화를 볼생각이면 집에서 롤이나 하세요 상대 잘큰 미드 원딜이 더 무서울테니까  질린다 애나벨시리즈 이제 그만  요로나와 애나벨의 합작여자아이는 되게이쁨  컨저링1만큼 무섭진 않으나 비오는날 혼영했더니 집에 갈때 좀 덜덜근데 후레쉬 비추니 유령이 사라지는게 라이트아웃 생각났음  하지 말라는건 하지말자  처키 보고 이영화보면 개무섭다 꼭 처키개봉한거보고 이거보삼  딱 무서운 것보다 놀라는 영화였어요ㅋㅋ 그래도 재밌게 잘 봤습니다  진짜 기대 이상으로 잘만들고 개무서웠습니다  에나멜 오늘밤 처키와 우웅우웅우웅우웅 사랑할까나  귀신의 집 같은 느낌 이다  이때쯤 반전이 있겠네 했는데 엔딩임  이렇게 팬들을 실망시키나관객을 극장으로 불러들이는 악마같은 영화  에나벨 12 재미있게 보셔서 기대하고 보시면 완전 실망합니다 애나벨이 이렇게 약한 악령이었나 싶고 실망이 큽니다 공포영화 애호가로써 매우 실망스러워요ㅠㅠ  워렌 추모 기념 영화  딱 정리 해드립니다 나오면 그때 집에서 볼 정도ㄷㄷ  처음 시작하는 순간부터 긴장감을놓칠수가 없었던 공포  너무 뻔한 스토리에 정말 지루하고 재미가 너무 없다 에나벨 이제 그만하자  오늘은 이불을 발끝까지 덮고 자야될 듯  진짜  돈아깝고 깜짝  놀래키기만 놀래키고 튀어나오는 귀신들도 어이없어서 웃음만 나오고 결말도 급하게 마무리 지으려는 느낌 팍팍들고 마지막에 약간 훈훈한거빼곤 뭐없음 생에 최악영화로 손꼽히는듯 대노잼  전 공포 매니아라서 평 상관없이 개봉당일 바로 가서 봤는데 깜짝놀라는 일본식 공포를 좋아하신다면 추천드리고 무서운 분위기를 느끼길 원하신다면 비추합니다  진짜 시리즈 중 제일 노잼 무섭지도 않고 깜짝 놀라는 부분은 있지만 그냥 노잼 스토리 노잼 기대하고 개봉하자마자 봤는데 실망감만 안고 가는 영화  전작들보다는 좀 약하지만 그래도 재밌긴 하네 ㅋㅋ 역시 제임스 완 감독 어떻게 해야 사람들이 소름이 돋을지를 잘 아는 감독이야 ㅋㅋㅋ  하지말라는건 좀  ㅎㅎ 비오는 밤에 봐서 그런가 나름 재밌게 잘 봤네요 공포영화는 역시 정석대로가 진리 ㅋ  시리즈 첨부터 봤는데이제 단물다빠진듯 놀래키려는 구도타이밍도 관객눈에 다읽힘 근데 귀신은 빨리 나오지도 않고 한번 놀래키면 쿨타임이 너무김 잠깐나오고 말 귀신들은 안나왔으면 덜조잡했을듯 고구마가 일 벌려놓은것 이건 진짜 너무 하다 이래놓고 평점 8점이 말이되냐  뭐랄까 악령들이 너무 ㅈ밥이된느낌  연출은 나쁘지않았음  밋밋하니 무언가 아쉽다  참나 여태 컨저링시리즈 악령1개만나와도 워렌부부가 얼마나 힘들게 봉인시키는데 이번 애나벨 집으로편은 여태 악령들 다나와도ㅋㅋㅋ 일반인하고 딸 만으로 봉인가능한거 너무 억지네요 그래도 사운드 갑툭튀 는 역대 아나 내가이거왜봤지 존나 이거볼바에 3류영화보쟈  워렌부부집 베이비시터 진심 극한직업  주인공들 이쁘고에나벨은 역시 무섭고워렌부부는 역시나고  역시 공포영화는 제임스 완 그 동안 재미도 없고 무섭지도 않은 공포영화를 때문에 돈이 아까웠는데  재미있게 잘 봤어요  워렌부부 집에서 생기는 일이라 베라 파미가 비중이 클줄알았는데 아니였네 암튼 워렌부부 넘좋아♡  무섭긴 했는데 이제 마아아아악무서워지기전에 갑자기 해피엔딩이여서ㅋㅋㄱㅋ쪼금 당황했지만 재밌게 봤습니다 개인적으로 인형의 주인이 더 무서웠던 것 같아요  마치 귀신의집에 간것같은 느낌을 주는 공포영화라서 보는내내 스릴있고 재밌었어요  스토리 생각안하고 놀라는 영화로 보면 재밌음  옆자리 여자애가 더 무서웠다 롯데월드 온것처럼 소리질러서 ㅠㅠ 사탕의인형도 후속편 나왔으면  안 무섭다는 분들은 고인물들입니다 ㅠ ㅠ 스토리는 적당했고요 애나벨 시리즈는 딱 여기까지만  애나벨은 공포의 종소리  스포일러가 포함된 감상평입니다 감상평 보기너무 재밌는 내용이고 호러팬들에게는 띵작이라고 생각 한다  왜케 평점이 높은거지 알바 많이 돌렸나보네 ㅋ 컨저링 유니버스중 가장 재미없는 영화가 바로 이 영화임 킬링타임 용으로도 비츄  
174,전편 보고 광장히 기대했는데 기대했던거보다 더 재밌었습니다  화끈한 공포영화에 완성체 뒤끝 없고 터트려 줘야 할 때 화끈하게 터트리는 공포 보는 내내 지루하지 않고 담아야 할 부분만 담은 깔끔한 스토리가 너무 마음에 든다  
175,재밌기는 한데 안무서움  친구의 말을 무시하고 하지 말라는거 골라서 하고 이런년은 친구는 커녕 절교를 넘어서 사형선고가 답  대체 언제 무서워지는지 참고 보다 끝나버림그냥 애나벨 시리즈 고마해라 감독 보니 만든 영화 죄다 안 무섭던데시간낭비ㅠㅜ  총체적난국 괴물들이 나오노   아이들용 공포영화  진짜 댓글알바가 있긴 있구나  연출 진짜 촌스럽다 에버랜드 귀신의 집이 더무섭겠다  다니엘라 진심 명치 ㅈㄴ 쎄게 때리고싶다  
176,너무너무 재미가 없네요  
177,진짜 개무서워영썸남이랑보면 난리남 ㅎㅎ  
178,시리즈라 궁금해서 봄 기대이하  또 이런영화 많이나왔으면좋겠다  야쩔었다  애내밸 실화냐 ㅎㄷㄷ  여태 봤던 시리즈중에 제일 ㄴㅈ이였음 애나벨인시디어스컨저링 덕후여서 왠만해선 재밌다 하는데 젤 실망한 시리즈 영화 끝날때도 뭐야 이게 끝임 싶을정도록 허무했음 그냥 내 돈 주고 본게 아니여서 다행일정도  
179,심장쫄깃쫄깃 무서웠음  
180,애매하게 놀람ㅋㅋㅋㅋ  
181,역시 말안듣는애들이 문제얒ㅋ  긴장되는 포인트가 없어서 액션신이라도 있길바랬다  진짜 공포 웬만하면 다 좋아하는데 결말 너무 허무하고ㅠㅠ 이게 뭐임 도대체 개에바  19세 좀 해라 중학생들 떼처럼몰려와서 놀라는거 너무 싫다  제발 영화관에서 소리지르지마라 시끄럽다 그리고 크게 욕하지마라 진짜 개패고싶으니까 특히 여자들아 욕좀그만해 나도 놀라니까   귀신의 집에 들어갔다가 나온 느낌  너무 무서운뎅 ㅜ 안 무섭다는 사람들이 많넹 공포영화가 그럼 놀래키지 놀래키지 않으면서 어케 공포영화 만들라는거 면 안 넣고 면요리 만들라는거네 놀래키는 장면 외에도 옥죄어오는 장면듷도 많앗음  아니 가지말라고했는데 왜가냐고  뭔가 공포영화라기보다 귀신으로 저스티스리그 찍은 느낌억지로끼워 맞추려는 떡밥과 뜬금없는 로맨스가 들어감예상이 다될 그런 급영화보다 구림 차라리 급영화 몇몇들은 참신이라도 하지 이건 애나벨의 이름만 따서쓴 진부 평점 생각보다 낮네용 심야로 재미있게 잘 보고왔는뎅ㅋㅋㅋㅋ  보다가 너무 무서웟쪄용입금확인 고마워요   말안듣는 세키들은 증말 빤쓰만 입혀서 내쫒아야 한다 부모가 하지말라는건 좀 하지말라고  열지말라는거 왜 열고 그르냐 뚝배기 깨버릴라 ㅡ  사탄 나올때 진심 당황함  무슨 파워레인져 악당인줄 ㅎ 그리고 전편보다 딜은 약하고 제작비 절감한게 느껴짐  꼭보세요 진짜 돈이아까ㅂ지 안 아여  에나벨 컨저링 인시디어스 싹다봤다 평점이랑 후기보고 안볼려다 봤는데 ㄱㅊ 솔직히 원래 공포 매니아라 무서운건 모르겠고 마지막에 좀 감동이였음 다 괜찮은데 그 고릴라 소리내는 악령나온순간 흥 다깼다  진짜 별로 무섭지도 않고 재밌지도 않고 지루  영화보다가 뒷자석 사람이 욕하며 비명 지르는거 처음 봄  컨저링 유니버스의 메인스트림답습니다  호러 영화지만 중간중간 코믹요소가 있어서 재밌었어요  영화 수신 양호 ㅋㅋㅎ 상당히 볼만하다고 생각합니다  재밌슴돵 중간중간 웃긴거는 예상도 못했네  아내팝콘ㅡㅡ 대자로 시켰는데 몇번못먹고 영화중간쯤에보니 소자 양으로 줄어들어있음  하지말라는건 하지말자  밥이잘생겼다 아 진작에돈아까울지알고있엇지만 봤다 뭐재미생각대로없엇고 잠이왓지만 끝까지시청볼사람은봐라  진짜 노잼 시리즈별로 다 챙겨봤는데 이번편 왜이러냐  부부 오랜만에 나왔을때 찡 저는 딸이 대단한거같네요 역시 유전인가봅니다 악령들 다나와서 정신사낙도 했는데 이제 애나벨끝이구나싶어 재밌기도했지만 시원섭섭하네요ㅠㅠ안녕애나벨  갑툭튀 너무많아서 심장 터질뻔  재미있어요 갑툭튀가 많아서 무서웠어요  긴장감 대박 ㅠㅠㅠ 애나벨 눈 무섭  진짜 노잼개연성 ㅎㅌㅊ 스토리 ㅎㅌㅊ  내가 디워 이후로 영화보다가 잠든건 또 처음이네 껄껄껄  소름소름개무서웠음ㅜㅜ  이건정말 아니야 진짜 정말로  스토리는 좀 허무하긴 했는데 나는 나름 재미있게 본 것 같음 진짜 시간 가는 줄 몰랐던 것 같애  감독은 정말 심각하게 자기 직업에 대해서 생각해보는 계기가 되길 어디부터 잘못된 건지 말도 못하겠다  좆노잼대더라책ㅓ더구루쳐덩  개노잼이다ㅜ이 두랑  
182,처음 한시간은 나갈까 가 생각이날정도ㅠㅜ전작이나 컨져링을 넘재밌게봐서 기대에 못미친영화많이 아쉽네요  
183,재밌엇어요 한번씩 보시길  넘  안무섭다   조금  더  무서웠으면하는  안타까움 ㅠ  돈아깝다 ㅡㅡ  무섭긴 개뿔 뻔한 내용의 뻔한거만 나오네  
184,그저그랬음 ㅠ굳이 영화관에서 안봐도될정도  솔직히말해서 애나벨영화자체가 원래 안무서움 근데 이번편이 그나마 제일 볼만함 여러가지 악령나와서 그런듯 여기 평가중에 그전 애나벨이 더무섭다는애들은 뇌절한놈들  발록 보다는 훨씬 재밋었어요  어디서 무슨 냄새 안나요 사골 우려먹는 냄새  솔직한 후기입니다 공포 영화 별로 안무서워하는데 20대 남자고 혼자 영화 보러 갔습니다제가 본 애나벨컨저링인시디어스 통 틀어서 그나마 가장 볼만 했고 무서웠던 공포영화 중 하나입니다 깜짝 놀랄만한 장면들과 소리가 아 진짜 개무서워 핵무서워  재미있는 재난영화 한편 본 기분  집에 있는 물건들이 무서워지기 시작함  올해 본 공포영화중 제일 재밌었어요  비오는날 심야로  혼영했는데생각보단 무섭지않앗음옆에새끼 혼잣말하는게 더 무서웟어  실망입니다  별로 무섭지 않았고 귀신이라기보단 괴물 혼종같은것들이 나옴  걍 이런 장르 공포 영화 좋아하시면 충분히 극장에서 볼만합니다  컨저링시리즈를 좋아하시는 분들은 분명 좋아하실껍니다 전시리즈랑 이어지는 장면 새로운 악령 후속예고늑대인간 공포가 전보다 덜 한데 배경이 집이라서 몰입도 쉽게되어 볼만합니다 단지 그냥 안무섭다라는 이유도  꿀유잼 역시 쪼는맛잘아는 감독  이번편은 진짜노잼  나무서운거  잘 못보는데  먼가  화장실에서  볼일  덜 보고나온느낌  빵터트리는  먼가가없어  너무 기대한건지 내용도 별로고 전혀 무섭지않았음 돈이 진짜 아까웠다 진심 비추천   귀신보다 여자애들 셋의 용맹함이 더 무서움보통사람이면 시작부터 거품물고 쓰러지지  인시디어스를 뛰어 넘는 작품이 없네  애나벨 컨저링 더넌 이런 영화류 좋아하고 챙겨본 사람인데 이번 애나벨은 좀 약했다 그래도 볼 만 함  다이엘라인가 뭔가 때문에 발암걸려 뒈지기 일보 직전이고 다이엘라 ㅈㄴ 무례함난독증있는지 하지말라는거 ㅈㄴ 쳐함 다들 답답해 뒈지니까커피이런거 말고 콜라나 사이다 사서 들어가서 답답한 순간마다 한입씩드시고 트림하시 사무라이가 기억에 남더라  기대에는 못미쳤지만 팬이라면 봐줘야죠  아오 개재미없었다 지루하고 중간에 나오는 괴물들 무섭지도않고  지림 최고 보는내내 긴장감  심각하다 이젠 애나벨이 처키 보다 우수워 보인다 애나벨 시리즈는 이제 여기서 끝을 내야겠다  역시 애나벨 진짜 무서웠음  혼자보기무서워서 남자끼리 커플석 끊고서로부등켜안고봤습니다  아 진짜 무서운 것 때문에 영화 보기 싫은 것보다 친구 시년 때문에 졸라 꼴보기 싫어서 안보고 싶어짐 진짜 애나벨이 제발 저것만 지옥으로 델고 가줬으면 간절히 빌었다  말그대로 집으로 가고 싶어지는  알바가 많네요 2점 정도가 저의 평입니다  그동안의 제임스완 감독 느낌의 동화적이면서 섬세한 연출을 기대하셨다면 이번영화는 영화관에서 보는건 비추입니다 돈 만원이 내 시간이 아깝습니다  평식좌 찌꺼기 조림 뭐냐고ㅋㅋ  쫄보들은 절대 보지마세요 개거품 물고 쓰러져요  아니 귀신들마다 특색 있고 좋던데 그걸 왜 못살리는지 너무 안타깝 ㅠㅠ  아 뭐여 이렇게 허접하고 실없는 공포 영화는 처음임 제임스 완 감독님 제에발 컨저링 유니버스는 당신의 연출이 필요하다구요이렇게 허술한 공포는 간만이다 정말발락도 좀비로 만들더니 애나벨도 좀비로 만들어놨어 무섭던대ㅋㅋㅋ 영화관에서 보기엔 충분히 좋았다  얼마 전 더넌 보고 완전 실망해 별기대없이 봤는데 최근에 이렇게 심장이 쫄깃쫄깃해지는 영화는 본 적이 없었던 것 같아요 애나벨 시리즈 중에서 제일 재밌네요 영화 곳곳에 떡밥도 무서워서 엄마랑 같이봄   진짜 천상 겁쟁이라서 너무 무서웠다 팬티한장 안챙겨간거 후회했내  애나벨 컨저링 시리즈 통틀어서 가장 별로였습니다 깜짝 놀라는 장면은 몇번 있었으나 그게 끝 아쉽네요 제임스완 감독인줄 알았는데 아니였네요 각본 제작만 하고 감독은 달라서 그런지 요로나의 저주 부터  군대에서 급영화부터 파라노말액티비티 위자보드도 보고 컨저링은 당연히 명작시리즈고 개망작이라는 더넌요로나도 나름 재밋게보고왓습니다 그런데 이거는 도저히 다시 못볼작품인게  스토리텔링자체가 너무 최악 깜놀요소도  확실히 컨저링 2보다는 스릴감이 적은듯 그러나 볼 만 했음 근데 제발 들어가지 말라면 들어가지마  컨져링 유니버스의 완성작  정말 재미 없었어요 스토리도 없고 무섭지도 놀랍지도 않아서 보는 내내 먹었던 팝콘 맛밖에 기억 안 나요  더넌보단 확실히 무서웠다  진짜 역대급으로 좆같다  긴장감 있고 연출을 잘 했음  긴장감최고입니다요  애나벨 컨저링 시리즈는 재미가 있든 없든 보는 찐팬인데 기대보다 재미있었어요 고구마 캐릭터가 좀 당위성없게 느껴지긴했지만 볼거리많고 너무 잔인하지 않아서 좋았음  스포일러가 포함된 감상평입니다 감상평 보기진짜 최악의 클리셰 내용과 별개로 왜 하지말라는걸 하는 발암성으로 연출을 했는지 이해가 안간다 공포심은 줄 수 있지만 그 과정에서 생기는 답답함 짜증 불쾌함으로써 영화에 대한 집중도와 흥미를 너무 깸 제발  무섭게 영화를 잘 만들었어요  저는 재밌게 봤어요 ㅎㅎㅎ  평점은 최대 1000자까지 가능합니다  멕겐나 그레이스 너무 예뻐요  다니엘라 없었으면 어쩔뻔 발암 오졌음ㅋ  최고의 공포 영화입니다 무십십니더 ㅎㄷㄷ  극한의 공포인줄알았는데 결말이 약간 어쉬움  제임스 완은 아쿠아맨 2 만들기 때문에 바쁜 거 아시죠 제임스 완은 시리즈물 연속 감독은 잘 안합니다 본인이 공들여 만든 아쿠아맨 시리즈 정도라면 모를까ㅋㅋ 본인의 데뷔작이라 할 수 있는 쏘우도 1 이게다 대니밸라인지 그지지배때문이다  제발손대지마라면 손좀대지마라  야 개그까지 넣네 젤 재밌게 봤다  집이 소굴임 두명 영혼갖히고 딸이 기억상실 정도는 걸려서 끝나는게 맞는 스토리인데  정말 나올려다가 안나오고 나올려다가 안나오다가 1시30분 끝나네요 하  아 진짜 안무서워  그동안 수고많으셨습니다 좋은곳에 가셔서 행복한 여생 보내시길  시간떼우기용으론 괜찮음  이번엔 진짜 노잼 그래도 좋아하는 시리즈니까 8점  다채로운 뷔페에도 오감을 자극하진 못한다  아니 시체위에 동전 올려놓은 장면 볼때마다 박지성이 병따개 눈에 낀 장면이 자꾸 오버랩되는데 집중 개안대네  태어나서 여자를 이렇게 줘패고 싶었던 적이 없었는데 저 친구냔은 진심 명존쎄하고 인중에 정권 지르기 하고 싶다  컨저링이랑 이영화랑 평점이 비슷하다는게 말이되냐 최소 2점ㅋㅋ 둘다본 일반인들은 인정할듯 8565  왜 밥이랑 다니엘라는 출연진 목록에도 없음  ㅋㅋㅋ 이상하네  공포물 못보는친구들이랑 웃으며 볼수있는 영화  애나벨 시리즈중 최고 명작 공포물인데 마지막에 약간 감동적이라 울었음ㅜㅜ 강추  전작만큼은 아니지만 그래도 잘만들었다  아줌마랑 그 아줌마딸이랑 개이쁨  공포영화를 보고 싶지만 무서워서 못보는 사람 적당공포강도6 재미는 8 대체적으로 무난 정말 무서운 장면은 하나도 없음  장난하는것도 아니고 정말 에나벨 시리즈를 누구보다 아끼고 했지만정말 쓰레기의스토리를 가지고 나왔구나  전형적인 공포영화로서의 전개 하이라이트는 악령백과사전을 보는듯 워렌부부 덕에 2점 겨우 더 추가 제임스완의 연출력이 그립다  하나도 안무서움 감독이 바꼈나 싶었음 흔하디 흔한 놀래키는 장면들만 나옴다른 공포영화에서 늘 봤던 것 이불밑에서 기어 나온다던가 하는  사탄모습으로 나오는 에나벨부터 유치하기 짝이 없음  허허웃음만  아 정말 최악중에 최악 임 잼이도 무섭지도 않고  아동영화  이 영화 팬들은 알아챘겠지만 영화 초반에 쇼에 여자애가 경품으로 타는 인형 기억 나시나요 그게 진짜 애나벨의 실제 모습입니다  그리고 이 영화는 공포영화 입문용이네요 매니아분들하고는 안 맞을듯 공포영화 입문하실 분들만 보세요 노잼  무섭지도 않은데 무서운척 하는 영화  긴장감은 있는데 귀신들이 안무섭고 깜놀도 그닥임 엑소시즘으로 악령퇴치하는게 더 잼남 뭐이래 쉽게 가두나  무섭진 않고 잠깐씩 놀래킴 초등학생도봐도 될정도로 별거 없음  도입부가 애나벨 1과 같은시간인데 3편에서는 인형 옷이 깨끗하다 컨저링의 속편과 애나벨의 속편이 만나는 느낌으로 컨저링과 애나벨 전작들을 보고 봐야 한다 하지만 전등을 절대 켜지 않고 벌어지는 후반부가 많이 짜증 별한개도 아까운 영화 들어가지말라는건 이유가있는건데 ㅅㅂ 검은머리년은 지아빠보고싶어서 들어가가지고 ㅈㄹ을하네  오랜만에 보는 부부 퇴마사가 반가웠다초반부는 볼만한데 후반부는 비급 느낌 난다  또 속았음 제임스완이 이제 직접 메가폰 잡지 않는 한 컨저링 유니버스 안봐야것다  여러 귀신들이 나와서  좋았뜸  클리셰에  시간 돌려주라 다른거보게  고스트 파티 치고는 좀 많이 약한데 구스범스 극장판이라고 해도 믿겠어  머냐 이게   장난하냐 ㅡ진진하게  묻고싶다  이게  공포냐  애들  장난똥때리는  어린이드라마냐  조오오오오온나 재미없네밤에 불끄고 헤드셋끼고 방안에서 혼자 봤는데도 하품 나왔다욕할라고 난생 첨으로 영화리뷰 썻다  제임스완이 감독안하니께 드럽게 재미 없어요  애나벨을 이렇게 망치다니 그냥 애나벨2에서 끝냈어야 됬다  초반부터 지루하고  끝에가서도 흐지부지그리고 악령들이 드럽게 약해 ㅋㅋ  애나벨을 집으로 갖고와 봉인한 워렌부부는 다시 출장길에 오르고 딸 주디는 베이비시터 메리 엘렌과 생일을 보내게 된다 메리의 친구 다니엘라가 놀러와 죽은 아빠와 대화하려다 애나벨을 꺼내게되자 이들은 그날밤 악령에 시 이제 지겹다 그만 우려 먹어라  역시 감독차이인가    제임스완이 직접해도 별거 없을듯 본인도 한계인걸 알고 제작에만 참여중  무섭긴 했지만 이제 시리즈는 그만 하는게신선함이 없네요  최악임1점도 아까움  다운받아봤는데  한시간을봤는데 공포는진전이안되고 이건무슨 사랑타령이나하고앉아잇고 아ㅡㅡ 내 4500원  늑대인간 빼면 그나마 좀 나았으려나  무섭지도 않고 유치하고 쫌 그렇다 근데 집중해서 계속 보게되고 걍 재밌다 적당히 볼 만함  안무섭다이제 그만 시리즈 접어야할듯  주말에 아이들과 함께 보면 좋을 듯한 훈훈한 가족영화  2까진 재밌었는데 무뇌녀가 너무 소름이었다  등장인물 모두 참 귀여웠어요 공포영화라지만 기분 좋게 볼 수 있었습니다  애나벨 2가 진짜 무서웠는데 하 3는 그냥 저냥 무난한 평작이네  이영화에서 가장 좋았던건 남자애가 기타치면서 노래부르니까 여자애들 3명이 창문으로 내다보며 흐뭇하게 쳐다보는 신  짧지만 좋았다  이 시리즈는 제임스완이 직접 연출하는거 아니면 그냥 거르셈  와 너무  심하게  졸작인데  생긴것도 개떡 같은 인형으로 엄청나게 우려먹네  다 때려넣은 짬뽕파티ㅎ  드라마로 만들어도 이거보단 재밀었겠다  다니엘라 진심 개극혐 ㅡㅡ 열받아죽는줄 알았네  영화는 그냥저냥 볼만한데 정작 애나벨이 하는 게 제일 없음어떻게 한명도 제대로 못건들이냐  시리즈 중에 가장 무섭지 않았고 허술하기 짝이 없었다 안봐도 무방하다  딱 봐도 사고 치게 생겼네  12세정도수준영화인거같아요  이번편은 스토리심하게억지네 막판에 몰아치는것도 어거지  전개가 아쉽지만 특정장면에서의 긴장감은 잘 살린 영화  좋아하는 세계관이지만 제임스 완이 다시 감독을 안하는 이상 놓아줄때가 되었다  오컬트룸에 요로나에서 나온 다락방에 있던 드레스마네킹이 있던데 뭐야  이제 이런거 식상하다 무섭지도 않고 지루해 졸았네  다른 시리즈로 연계 했으면 좋았을텐데 애나벨 하기에는 아쉽긴함  급이 확 떨어지네 재미없음 애들 장난에 놀아난 기분이다  무서운장면도 없고 무섭지도 않고 전 시리즈 중 제일 재미없다  영화가 잔잔해서 보다보니 어느새 1시간이 지나가 있고 악령들은 난잡해서 크게 무섭지 않았다 예고편만 무서운 영화  시리즈의 수치  80년대 찍어논거 이제야 개봉한 느낌  뻔한 스토리 재미없음 시리즈는 여기서 끝내는걸로  그지같네 진짜 애나벨이 이 영화의 주인공이긴 합니까  킬탐 ㄱㅊ했음  베라파마가 주연이라고 써있길래 봤더만  그냥 특별출연정도네  그냥미국영화는 딱이정도수준 놀래키는 공포영화가 가장 저급스럽다고 생각하는데 이건 끝도없이 나오더라  하지 말라는 건 하지 말자 제발 쫌 ㅎㅎ  다소 지루했지만 결말이 참 맘에 든다  컨저링 때도 허술한 방 같고 누가 들어가면 어떨까 생각했어서 현실감은 있으나 무섭거나 재밋지는 않네요  지루해 죽을뻔 롱테이크가 너무길어 시간만 봤네요 으악 소리지르는거 한번하려고 그 긴 시간 후레쉬들고 헉헉 소리내는거 봐야되요 진짜 이영화 너무함 평점 한 5점대일줄 알았는데 평점에 더 놀람  실망이다 처음으로 시리즈 중  급으로 느껴짐 마치 사탄의인형4를 처음 본느낌 망작의 시작인가  무섭진않지만 여름에 보니 재밌네요ㅋㅋ 근데 진짜 하지말라는건하지말자  타임킬링 점점 퇴색해 가는 느낌 그래도 볼만은 함  1 2 를 봤기에 3도 그냥 봄 근데 여전히 노잼임 1이 젤 볼만했다  애나벨 시리즈중 다 재미없다 진심  뭔가 다 섞어놓은 잡탕느낌이 난다  기대만큼 실망만 큰건가 악령들 다 불렀다더니 다소 허무하게 끝난듯 마지막엔 워렌부부가 와서 해결했어야 더 좋았을텐데  스토리가 너무 떨어지고 특유의 긴장감 공포감이 사라졌다  워렌부부 등장하는 영화중 가장 재미없는 영화컨저링1 2 는 상당히 재밌게 봤는데감독이 요즘 공포영화 찍을줄 모르는 사람인듯삼류영화라고 봐도 무방할듯  망작이다 그간 이어져왔던 시리즈의 흐름을 끓어버릴 정도의  와 진짜 1시간넘어서 보는데 무서운 포인트가 없네 실망  공포영화는 혼자 보는거야  좀 아쉬운부분도있지만 여기서 스핀오프로 여러 영화가 나왔으면 하는 바램이네요 그리고 워렌부부의 명복을빕니다  너무너무너무지루했는데 끝까지 재미도없고지루지루지루 너무너무너무 지루하다  컨저링 유니버스 다봤는데 컨저링이후로 나락으로만떨어져간다  이젠진짜 못보겠다  많이 유치해졌다  뻔한 클리셰 범벅인 전작에 비해선 많이 아쉬웠어요  좋아요 기타든 남성배우분은 신인인가요ㅋㅋ  아 진짜재미도감동도없고 무서운것두없고 질린다질려  집이 그냥 시한폭탄이네저런 발암 애들이 들이 닥치면 ㅈ되는 거  애나벨이라 너무 기대를 하고 봤음  게리 도버먼에게 기대를 했는데 게리 도버먼은 각본만 맡았으면 좋겠고 워렌부부는 어디갔는지 모르겠음  컨저링 유니버스 팬이라면 이영화를 볼 이유가충분하다 하지만 이영화의 공포감은 많이 빈약하다 게다가 앞으로 나올 헬하운드 등 나머지 캐릭터들의 느낌도이영화가 반감했다  컨저링 유니버스 다 봐서 면역생긴건지는 모르겠는데 깜놀한 장면이 동전귀신 처음 나올때 빼고 하나도 없었다    2019  
185,컨저링 유니버스 올스타 대전느낌  무서운건 인정합니다 악령들 총집합  제일 무서워했던 영화 중 하나였는데 이번편 뭐임  코믹임  별하나도 아깝다 처음부터 끝까지 속터짐컨저링하고 너무 비교되네  이제 그만해라 지겹다ㅡㅡ  에나벨은 공포영화중 잼없는듯내가 공포영화을못보는대 이영환몰입감도 없고공포영화에서 몰입감 없다면 말다한거지머 ㅎㅎ  
186,아쉽지만 공포영화는 아니었어요  애나벨이 집들어와서 귀신들이랑 쿵짝쿵짝하는 이야기  
187,하지말라는건 제발좀 안했으면 좋겠는데 다해서 영화 보다 빡침 ㅋㅋㅋㅋ  진짜 현실 평가하자면애나벨 영화는 가면 갈수록 후진하는 거같음 씹노잼 보지마세요 내 돈아까워서 봣는데 그냥 공포 게임보다 안무서움  공포영화 많이 보는 사람이라면 그닥 무섭진 않음 그리고 스토리 대충 알고 봤지만 진짜 발암 걸릴뻔 했다 제발 건들지 말라는거 건드려서 악령 깨우는 그런 스토리의 공포 영화 다시는 보고싶지 않다  영화관에 사람이 없어서 그 분위기때문인지 무서워서 볼만합니다 막 재밌다고 할 정도는 아닐듯  
188,내용이 뭔지 모르겠다  애나벨 시리즈중 제일노잼  제발 낙이지마세요ㅜㅜ 난 봤음  세상에 믿고 보는 에나벨 컨저링 시리즈였는데이제 그만 울궈먹을때가 온듯노잼 노무섭 괴롭히던 남자애랑 친구들이 발암캐누나 한마디에 갑자기  노개연성 노감동여러분 제발 이거 보지마요  진짜 너무 재미없는데 어쩔거야  딱히 재미는 별로 였지만 잘 봐씁니다 ㅎ  다니엘라  진짜 발암 개화남  
189,생각 했던거 보다 재밌었어요  18 귀신때문에  내가 귀신되서 복수하냐  
190,예전 보다는 부족한 듯 하다 뭔가 스릴과 공포가  
191,무쪄워요요지에루두재울여장  다니앨라개같은시팰련 뚝배기부셔버리고싶네시이팔암존나걸리다간다 좀도둑년  
192,우우움 점점  
193,그냥 감흥없음 재미없고  와우 집으로란 제목이 딱맞음ㄹㅇ 집에서 집으로 끝남  완전 코미디야 ㅜㅜㅜ♡♡  무서운거 잘보는사람이 보면 별로 재미없는영화  그냥저냥 기대치를 안 높히면 볼 만함  남자배우때문에 웃기기도했고두번정도 진짜 깜작놀랬고악령들이살짝살짝맛보기로나올땐 답답도했고뭔가허무한느낌은지울수없음재미가없는것도 아닌것같고그렇다고그렇게무서운것도아닌애나벨12 컨저링12 합쳐서 제일안무서웠음  
194,이번에 크게 무섭진 않았는데 오히려 더 재밌었음  
195,예고편만 보고는 뻔한 스토리라고 생각했는데 생각보다도 스토리가 탄탄하고 스릴있었습니다 다음편이 기대되네용  애나벨 시리즈 중에는 역대급  
196,ㅠ언터나마커커커컼처터  마치 기한을 코앞에 두소 커피마셔서 비몽사몽간에 제출한 제 리포트 같았어요 멀리서 대충보면 괜찮은것 같지만 자세히 살펴보면 군데군데 왕빵꾸가 보여요 킬링타임으로는 나쁘지는 않지만 뭐랄까 정통 애나벨보다는 스핀오 
197,소름 재밌었어요  컨저링 유니버스 역대 최악의 캐릭터 스스로 공포를 만들어내는 3총사진심 암유발  
198,나같으면 그친구랑 다시 친하게 못지냈을것같은데 착한사람들 괜찮았어요 공포영화 못보는사람이 보기에 딱좋은수준이에요  전 시리스보단 별로였지만 볼만합니다  진짜 재밌고 너무 놀랐어요ㅋㅋ 배우 연기도 대박이더라고욬ㅋㅋ  별로였음 좀 더 긴장감있었으면  굿굿 재밌었어용  꼭 관 로 보세요 사운드믹싱 엄청납니다  그냥 가벼운 맘으로 보세요 괜찮은거 같아요 깜짝깜짝 놀라요  오랜만에 공포영화 잘봣습니다  재밌게 잘봤습니다 중간중간에 깜놀요소땜에 움찔움찔하면서도 재밌었어요  재밌었어요 역시 믿고보는 시리즈입니다  나름 볼만했어요 중간중간 깜짝깜짝   썸녀랑 보다가 썸녀 잠들었네요 개빡  악령 어벤져스 출동늑대인간 최악  사무라이 약  신부귀신 약동전귀신만 절라무서움  악령들은 개성있던데 악령 엑소시즘하는 워렌 부부 에피소드를 드라마 시리즈로 만들면 히트 칠 듯  재미가 없지는 않았지만 이전 시리즈들에 비해서 스토리가 너무 없는 느낌  리얼돌에 빙의되면 애나홀이냐  많이 기대안하고 보면 재밌어요 갑툭튀가 많아서 지루하진 않아요  그냥 왁왁 놀래키고 끝남 똥싸다 끊킨기분 뭔가 더 나올줄 알았는데 갑자기 끝남 아쉽  하지말라는건 좀 하지마 ㅠㅠ  뭔놈의 집에 안개가 낀다냐  혼자보다가 죽을뻔재밌게봄  일취월장했던 유령들이 2세들쭈쭈포함에게 걍 넉 다운  피자배달부보고 이광수 밖에 생각 안남  스엑으로 보니까 개쩔어요 ㅋㅋ  눈감고 머리도 못감게하다니ㅠㅠㅠ  공포영화 못보는 편이라 그런가너뭄 ㅜ서워서 죽는줄 알았다 사진도 보기시러ㅡ  
199,한명때문에 다일일어나나  공포 스릴 모두 느껴지는 영화  진짜 눈과 귀를 틀어막고 싶었다  정말 깜짝깜짝 놀라면서 봤어요  애나벨 진짜 너무 무서워ㅠㅠㅠ  처음부터 몰입해서 볼 수 밖에 없었습니다  한번씩 놀라는 장면이 있어서 움찔  하지말라는건 제발 하지말자ㅠㅠ응  적당히 잘만든것 같아요  개무섭더만 누가 안무섭댔냐  완전 너무 무서웠어요ㅠㅠㅠ  좋았어요 적당히 무섭고 소름끼칩니다  무서웟어요ㅠㅠ진짜 소름  와 간만에 너무너무너무무서움  기대했던 만큼은 아니지만 굳굳  한시도 방심 할 수가 없는 영화  올해 처음 본 공포영화였는데 대만족ㅋㅋㅋ  와 진짜 충격적이다ㅠㅠㅜ몃  공포영화계의 천재 제임스 완  애나벨 인형 실제로 보고싶다  무서운데도 자꾸 보게 되네요 ㅎㅎ  개인적으로 몰입해서 봤습니다  간만에 볼만한 공포영화가 나왔다  개인적으로 컨저링2보다 못했지만 재밋었어요  
200, 하나가 싸지른 똥을 세명이 치우네ㅋ  제임스 완 제작이라 기대 많이 했었는데 역시나네요  딱 5점정도네요 그냥 그럼  아니 천식때메 쓰러진 사람을 두고 따로 다니네 ㅋㅋ ㅂㄷ  아니 너무 허무하게 끝나느데  
201,생각보다는 별로 였던  믿고보는  애나벨 인시디어스제임스완 시리즈 역시 개굿  존나재밋어역시실망안시키네  쿠키는 컨저링3 떡밥 주는줄 알았는데 아예없다니 아쉽 애나벨 이제 정말 끝이구나 로레인할머니도 이젠 정말 안계신다는게 좀여튼 재밌어여  
202,만지지말라는걸 왜 만져서 그러니까 기대안하고봐서 생각보다 재미써씀  수많은 귀신들을 볼수 있어서 재밌었습니다  이게 아부지도 없는게 까불어  ㄹㅇ 그 친구냔 죽기를 영화보는 내내 기도했는데 3번봐야지 ㅎㅎ  볼만은 했음 제임스완이 감독까지 했더라면 더 좋았을턱  애나벨 집에서 푸닥거리함  재밌게봤어요ㅎㅎㅎ  
203,생일파티 잘봤습니다  갑툭튀 굉장히 좋아하는 사람으로써 역대 시리즈중에 제일 무서웠음  컨저링 유니버스 확장 가능성을 응축해서 보여준다  졸라무섭네ㅋㅋㅋㅋ 웬만한 잘보는 사람들도 무서울거예요  영화 평소에 뭘봐도 볼만했다싶으면 봐도됩니다  뭐야 왜 리뷰가 없어 리뷰보러 왔는데  어둡고 느리고 긴장되고 갇혀있고 보다가 힘들어서 나가고 싶을정도였다  다른 애나벨 시리즈보다 덜 무서웠던건 사실임 연기 나올때 눈 가리고 봄동전이 영화를 살렸음  애송이들만의전개지만 잼썻다ㅋㅋㅋ  애나벨 넘재미있게봤어요 마지막 부분이 쪼금그러지만 그래두 소리질러봤어요무섭다 쿠킹영상없음  컨저링시리즈보단 못하지만 소소한 헤프닝  그냥저냥ㅋㅋ같이본 남사친이 더무서워함ㅋㅋ시리즈중에선 젤 무난했어욬ㅋㅋ못보는분들 도전해볼만해요ㅋㅋ못보는 저도봤으니  와 진심 제가 귀신 다양한거 좋아하는데 딱 제 스타일이였어용 ㅎㅎ  와 진심 제가 귀신 다양한거 좋아하는데 딱 제 스타일이였어용 ㅎㅎ  발락하고 애나벨이 있다면 발락이 훨씬더 강한 악마겠지만약 주디가 애나벨이 아니라 발락을 상대했으면 졌겠지  혼자서 영화보다가 기절할뻔  이게 재밌냐 리얼리 이게 무섭냐 리얼리 ㅋ  
204,꽤 재밌게 보고왔어요  
205,노잼 유치해 귀신도유치하고 싸구려영화  
206,흔한 클리셰 범벅 뻔한 전개 전작들의 흔적 찾는 재미는 있네요  이거볼빠에알라딘두번봐요  웬만하면 5점이상 주는사람인데 이건좀 아닌듯그냥 소꿉장난같은 공포물  진심 쉴틈을 안주네여…  두근두근 오랜만에 공포영화 좋았어요  컨저링 시리즈 이상으로 무섭다   끝나고 나니깐 힘주고 봐서 그런가 어깨가 뻐근ㅜㅜ  생각보다 무서워서 엄청 재밌게 봤음  애나벨 역대 시리즈중 제일 안무섭고 코믹스러운 요소가 다른 시즌에 비에서 많았던것 같음 관객들이 중간중간에 계속 웃더라ㅋㅋ그냥 무난했음 평균임 딱 근데  컨저링 유니버셜 시리즈 중에선 요로나 보다 더 안무서웠음 한순간에 몰입감과 공포감을 주는  짜릿한 공포 영화 시간 가는 줄 몰랐다  그 동안 봐 온 공포영화들 중에서 젤 내스탈 ㅋㅋ  올 해 봤던 영화들 중에서 젤 재밌음 ㅋㅋㅋ  소름끼치고 심장뛰고 넘 무섭ㅠㅠ  다니엘라 극혐   근데 이뻐 ㅎㅎ  2만큼 무서웠다 재밌었음  중간중간 눈감기다가 사운드에 잠이깨는 영화더넌 이후 무서움이 덜해졌어요   스토리는 아쉬운데 아찔한 공포는 만족  와 심장쫄깃햇어요ㅠㅠㅠ  진심 제임스완의 안목은  청각공포용 영화임 시각적으로나 감정적으로나 놀랄 게 하나도 없고 영화관 내에 큰 오디오로 억지로 놀래키는 게 이 영화의 전부임  무서서운것만 있는게 아니라 스토리도 탄탄  교훈 친구를 잘 사귀자  진짜 비급 영화 그자체 였음 돈아깝  공포영화좋아하는분들은꼭보세요  
207,조금  혼잡한 감은 있지만 무섭게 잘봄 너무 많은 귀신들 출연시키는거 보면서  분명 또  재들 로 영화 찍겠구나 확인함 ㅋㅋ 그리고 하지말라는 것좀 하지마  보는내내 몇번이나 놀랐는지 모르겠음 휴  개인적으로 진짜 무서웠어요  간만에 무서운 영화 제대로 봤습니다  무서웠어요ㅋㅋ꼭보세요ㅋㅋㅋ  심장쫄깃 당분간은 공포영화 안볼거얀  
208,교훈열지말라는건 열지말기  개봉하자마자 봤는데정말 놀람 1도 없었음 완전 별로  
209,기대하고  봤는데 생각보다 무섭지도않고 그냥 볼만했어요  그래도 애나벨시리즈라서 기대는 하고봤는데역대급 진짜실망이었다공포영화보면서 두근거리는 긴장감이 하나도없었고 무서운장면도없었고 비추  스릴 넘치고 재미있었어요  아버지에 대한 그리움  공포  다른건 그렇다쳐도 주디 나중에 크면 엠마왓슨 급으로 한 미모 할 듯 마의 18세만 넘기자  아쉽지만 그래도 엔애나벨  유럽엔 28주후 아빠가 말아먹었으면 미국은 다니엘라가 말아먹을뻔 ㅋㅋㅋ 영화보는데 앞사람이 욕을ㅋㅋㅋㅋ 그런데 해떳을때 주문한 피자가 한밤중에 오는건가여  무서워서 앞으로 팝콘 쏟았는데 다시 뒤에서 옴  한시도 방심 할 수가 없었어요 공포 좋아하면 무조건 보세요  와 대박최고였어요  ㅋㅋ팝콘이 필요없어여 무서워여  불쫌키고잇자ㅠㅠㅠ  무섭기도 했지만 놀라는 장면이 많으니 주의  스토리가 탄탄해서 좋았습니당 공포감도 상당해용  공포영화 좋아하는 분이라면 추천합니다  간만에 공포영화 같은 공포영화 본 듯  애나벨2가 너무 노잼이라 그런지 기대치가 낮았는데 컨져링 시리즈 매니아라서 그냥 봤음 강약없이 강강강으로만 나가는 느낌이었지만 충분히 무서운듯 컨져링1 제외하면 시리즈중에 가장 나은것같은데 스토리같은거 없이 그냥 소재가 바닥나니 로맨스 코메디 집어넣는 클라스  
210,무서워요근데 결말은 해피엔딩이다  123중에이게잼남  짜증나게 무서웠지만 재밋게 보고 갑니다  
211,재미있고 스릴넘쳤어요 다만 아시운건 너무 간단하게 해결된 기분이에요 컨져링수녀가 더무서웟어요  썸남이랑 영화보고 영화보는 내내 손잡았어요 커플이라면 꼭 보시길 ㅠㅠㅠ  발락은 더넌으로 나왔는데 키다리아저씨 크로키드맨은 왜 승인 났는데도 안내보내니ㅡㅡ  결말을 너무 급하게 끝냄  기대했던것보다 공포가 많이 없었다 역대 애나벨시리즈 중 가장 공포가 떨어진 영화였다 워렌부부는 별로 기대하지 않는 편이 좋다  어제 밤에 봤는데 솔직히 하나도 안무서움 진짜 무서운거 바라고 가는사람들은 큰기대 하지마세요 놀래는것도 내가 나이가먹어서그런지 전혀 안놀랬고 재미는있어요 재미는있는데 너무빨리끝남 무슨 106분인데 너무짧아요 암튼 그 노잼 공포영화 수로 떼우지말고 질적 향상좀  와 이제 시작인건가  했는데 끝이번편은 뭔가 아쉬운ㅠ  다니엘라는 너무 멍청하고 생각이 없나 싶을 정도결말은 너무 허무해서 똥 싸고 안닦은 기분무섭긴 하나 중간중간 귀여워서 웃음 나오지만볼만은 하다  뭐 그럭저럭시리즈 평타는 친다 기대는 하지 말 것  진짜 역대급 개노잼이었음 기대 일부러 안하고 봤는데 컨저링 유니버스에서 최악질질끌기만 하고 보는 내내 지루하게 느껴졌습니다  백귀야행을 바랬는데 그런 것은 또 아니네 워렌부부는 활약을 안하는 군요  공포의 밤이라서 기대했는데 생각만큼 휘몰아치진 않았다  공포감은 있지만 확실히 전 시리즈에 비해 무서운감이 없어지고 내용도 어느부분에 귀신이 나올지 모두 예상되는 전개 너무 얕은 스토리 하지만 나에겐 충분히 스릴있고 무서웠다 애나벨 시리즈인 이유 하나만으로 충분히 볼 뭔가 그닥 공포스럽지 않고 사운드소리가 무섭네 차라리 사탄의 인형이 더 나은듯  제발 하지말라고 하면하지마 만지지말라면 만지지말고 세계관확장 떡밥만 던지듯한느낌세계관 확장에 필요한 징검다리역활  영화는 볼만했지만 기대에는 못미친느낌ㅠ워렌부부 분량이 심하게 줄어서 아쉬웠고 악령들이 너무 약해져서 보다가 의아했음 그리고 중간중간에 코믹요소가 있는데 애나벨을흔한 급 아메리칸 호러무비로 만들어버린 것 같아서 마 
212,2편보단별론데소리질럿다  방금 봤어요 워너 브라더스 공포영화 웬만한건 다 봐서 매니아가 됐는데 이번 편은 깜짝 놀래키는 기술과 영상미는 뛰어났으나 스토리가 아쉽더라구요 마지막에 인형 가둔것도 좀 억지스러웠고 매니아로서는 아직 컨저링2나 갑툭튀 좋아하는 분들에게 강력 추천  워렌부부의 특별출연 애나벨은 그만 찍고 컨저링만 직어야할 듯  발암 캐릭 때문에 짜증나서 보기 버거웠음  걍 팬이어서 반가웠다ㅎ  갠적으로 재미는  2다음 1다음 3순생각보단 별로였음 여주가 그나마 예뻐서 그걸로 위안  지금 보내요 그럼 이제 다시 만나요  난 왜 더넌이나 요로나의 저주보다 안 무섭지그냥 컨저링3에 나온다는 늑대인간 맛뵈기로 보여준게 위안이네  어중간한 로맨스 어중간한 코미디 어중간한 공포 깜놀요소만 있을 뿐 전 작들의 공포를 느낄 순 없었다이 대환장 파티의 결말을 어떻게 마무리지을지 걱정했는데 아니나다를까 너무 억지로 짜맞춘 느낌그냥 애나벨의 한 다니엘라가 저지르지 않았더라면  넷플릭스 기묘한이야기 보는줄  워렌부부 컬렉션 사용 설명서 부록 숨겨진 진짜 애나벨을 찾아라  다니엘라하 전구가져와  다니엘라색히 괜히 쳐열어젖혀가지고 내 영혼까지 강탈당할뻔 했네디진다 열지말라는 건 열지마라 좀  쥬디의 하드캐리를 보고 싶다면  페미같은 애들이 말 안듣고 풀어주네개발암이다  이런게 공포영화지 미드소마같은건 몇번을봐도 취향이 아니네요인시디어스 시리즈 계속 나왔으면  괜찮았음 볼만합니다  솔직히 애나벨 시리즈는 컨저링에 엎혀가는 영화같다고 생각함컨저링에 비하면 별로 안무서움  
213,에나벨 너무너무 무섭다  
214,한 번에 공포 종합선물세트 받은 기분  그냥 딱 애나벨2보다 절반만 재밌음  영원히 집으로 돌아가세요  
215,그냥 애나벨 시리즈 볼만하다  제임스 왕이 감독하지 않는 호러는 이제 그냥 끝났다고 보여진다 이러니 호러 은퇴하겠단 말까지 했었지 영화는 그저 그래 여배우들 몸매가 너무들 글래머러스하고 섹시해서 공포에 몰입을 깰 정도ㅎ  꽤 수작인듯 워렌부부 안나와서 조마조마하면서 봄 꼬마아가씨가 상당히 당당하고 멋지더라  인테리어 재탕 스토리 재탕 배우 재탕 끝물에 사골도 안우러나오겟다 이젠 이 시리즈는 그만 좀 해라 시나리오를 발로 썼나 20년전 공포 영화들이 더 나아보인다  노잼에 노공포에 어이없음만 가득 귀신 1시간 진짜 평점뭐냐컨저링 인시디어스 요로나 에나벨시리즈 통틀어서 이렇게 허술한건처음  공포스러운 장면들이 서로 따로 놀고 있다가 마지막에 억지로 합체하니 체할 수 밖에  중간 사무라이 나올 때 아니메 보는 것 같아 안그래도 없는 공포 더 없어짐 일본문화가 어쩌구 하는 거 아님 다만 제임스 완님은 제발 감독만 해주시길  전반적으로 제작참여작 다 노잼 좋아하는 워렌부부 캐릭 다 정말 돈아까워요 평점보고 재미없을꺼란 생각에도 혹시나하는 마음에 봤더니 역시나였음 앞전 애나벨 생각하고 보시면 안되요끝날때까지 지루합니다  
216,아주그냥 그냥 그랬음 진짜로  그만할 때 됬자나 개연성도 없고  감독 진짜 쓰렉이네  이게 영화냐  이게뭐야 진짜 이게뭐야  개폐급영화 진심 더 넌부터 컨저링 유니버스 망했다  애나벨 왤케 약해졌냐  미친년이 벌벌 떨면서  꿋꿋이 만질건 다 만지네 ㅋㅋ 지독한 년  
217,소토리가 조금 빈약한데 ㅋㅋ 일단 재미는 있음  부모는 처음과 끝에 한번나오고여자애 캐릭터 완전 광맛  왜 일찍 상영종료 됐는지 알것같다  걍 급영화같았어요애나벨 짝퉁영화요  정말비추해요물론 제기준에서요ㅎ전 공포영화 그렇게 잘 보는건 아니지만 솔직히 놀랄부분이 없어서 놀랐구요 평점보고 설마 그렇게 안무섭겠어 하고 봤는데 진짜 안무서워서 놀랐고요 설마 그렇게 재미없겠어 하고 봤는데  와 역대급 노잼이다 ㅋㅋㅋ진짜  돈을 버렸다억지로 감동적이게 끝내려고 하니까 이 사단이 나지ㅠ 여러 부분에서 존나 깨고 지루하고 안무서워  그냥 준수해  심플한 상업용 공포영화  근데 숨죽이며 조용한 장면에서 팝콘 통 막 긁으며 쩝쩝대며 먹는 애들 때문에 긴장감 다 깼다  제발 팝콘 처먹지 마라 시끄러  혼자 가서 봣는데 전좌석텅텅비어 있었음 그래서 보다가 깜놀많이함  공포영화인데 안 무서움  구냥 깜짝깜짝 놀래키는거 빼고 뭐 없음  
218,결말도 별로 그리고 암걸림  
219,빠른전개 억지스러운내용 답답함 지루함  이번꺼 진짜 별로애나벨2가 나음  
220,본격 암걸리는 영화 무서움은 기대이하  진정 공포영화를 졸면서 보는게 가능한지 이영화를 보고야 알았다  쓰레기라고 말하고 싶다  공포영화로써 좋았지만 워렌부부의 퇴마 역할을 볼 수 없어 아쉬운 영화  땡그랑 한푼 땡그란 두푼 ㅎ  연출도 하나도 안무섭고 도대체 어디서 무서워해야하는지 모르겠음  제임스완 팬으로서 실망  막판 5분만 재밌었다  
221,여주인공때문에  화나는 영화  마지막 엔딩보고 좀실망했음 엔딩보기전까진좋았음  
222, 왜 갑자기  어린 소녀들이 함께 이겨내는 청년성공스토리 처럼 되버린거야 왜그러는거야 느낌 완전 변했음 애나벨과의 의리로 봤다  재밋어요 진짜 방금보고나왓는데 갑툭튀 부분이 뻔하긴한데 알면서도 무섭고 재밋네요 근데 이게 실화라니충격  1이 제일재밋다 ㅋㅋㅋㅋ  떡밥 수준이 아니라 처음에 뭐 사용할지를 그냥 관객에게 들이밀면서 알려줌그리거 그거 고대로 사용그리고 무지 진짜 처음부터 끝까지 패고 싶다는 생각밖에 안들고 제일 놀라웠던건 주디 엄마 반응ㅋㅋㅋ니 딸  
223,애나벨2는 볼만했는데 이건 별로  
224,하지 말라는건 하지말자 제발  
225,열지말라는건 열지마 제발  볼게 많아서 재밌긴했어 근데 워렌부부랑 주디는 너무 착한거 아니냐 나같으면 뺨따구 때렸는데  영화는 재밌는데 23시 35분 영화 120명중 100명이상이 급식임ㅋㅋㅋ 뭐만하면 소리지르고 욕하고 떠들어대서 진짜 ㅅ 바 개빡쳤음 조심해라진짜 적당히해야지 ㅋㅋ  무지개떡 진짜 얘는 죽었어야 했는데  
226,하지 말라는건 하지 말아야한다  영화관에서 볼때 너무 무섭고 놀래서 나도 모르게 비명지름  
227,아이쿠 무서워요 ㅜㅜ다른 에나벨시리즈 보다 더무서운듯용  역대 컨져링 애나벨 모두 팬인데 이번 집으로가 가장 실망스러워요 정말아쉽네요 ㅠㅠ  진짜 핵노잼ㅠㅠ 전편은 무서웠는데  건드리지 말라는거 건드린애 애나벨과 같이 가둬놓고 싶음  구라안치고 노잼이다 이제 시작인줄알았는데 끝남  박물관이 살아있다 시즌 끝난줄 알았는데여기서 보여주시네  진짜 움찔한번 안했음  갠적으로는 컨저링 애나벨 시리즈 중에 가장 괜찮았어요 애초에 그 시리즈가 다 그저 그랬어서 거기서 거기였지만ㅋㅋㅋ 이 영화는 좀 무서웠네요  나쁘진 않았지만 이거 볼빠엔 스파이더맨 본다  나름 볼만했음 삼십대 남자친구와 함께 본 영화 초반은 지루했는데 중간에 귀신이 넘 무섭게 생겼다고 하더이다 볼만했다 보는 내내 가슴졸임  다니엘라 인성 나타노네 ㅎ  무서워요ㅠㅠ 기대안하고봣는데 넘놀라서 심장 아팟엉  솔직히 과거 나이트 메어 보다 재밋는  공포 영화가 안나오는게아쉽다  다음 시리즈 또 나왔으면  다니엘라 때문에 별1개 뺐다  진짜 뻥 안치고 온몸이 아파요 아 심장아파 ㅜ  느끼는건 다 다르겠지만 혼자보러갔는데 저는 소리한번질렀습니다 사람들이많았어도  특히 코인귀신ㅠ요즘같이 더울때 보기딱이예요  
228,역시 재밌어요 그리고 하지말라면 하지맙시다  
229,보는데 답답했다 왜 하지말라는 걸 하려고 함 자꾸 막 무섭지도 않았고 그냥 그냥 잘봤음  
230,ㄹㅇ 무섭네 영화보다 심정지올뻔  차라리 퀄리티는 요로나의 저주가 낫다 짜잔  컨저링 유니버스의 이스터에그들을 보는 맛이 쏠쏠하고 앞으로 나올 영화들에 대한 떡밥도 재밌었지만 연출은 조금도 발전한게 없이 밋밋함  심리공포보단 깜짝쇼에 점점 가까워지고 있다  
231,어후 심장떨려 ㅎㅎ  
232,너무 무서워요짱싫어요  
233,막 그렇게 무서운 느낌없고 놀래키는것도 전보다 덜 하긴한데 다른 재미없는 공포영화에비하면 그냥 평범하고 살짝 심심하면서도 괜찮지안지만 그저그런 공포영화 같아요  
234,볼만했음볼만했음볼만했음  
235,난 좋았음 컨저링애나벨 시리즈 다 보고 가야 더 재밌음  롤 정글 유저로써 다르킨나와서 10점  구식영화 구식공포 답답하다보면서  
236,등골이 오싹한 공포영화는 아니고 몇번 깜짝놀래키는 장면이 있음 베이비시터친구여주인공 아니면 탄생못한 영화다 ㅋ  영매부부는 초반에 잠깐 후반에 잠깐 나오고숨막히는 진상여자애가 주인공임 스토리 없고ㅠ앞으로 이 시리즈는 제임스완 감독 연출 아니면 극장가서 볼 일 없을듯 막판에 2030분 놀래키는것 빼고 1시간반 지루하 적당한 공포스러움 재밌게 잘 봤습니다  역대급으로 깜짝놀래고 무서웠어용ㅠㅠ  무섭다기보다 놀라서 소리지름  
237,으으으으 엄청 무서웠음  공포보다 걍 놀래키는게 목적인 영화인듯  옆에서 덜덜떠는 남친 보는 재미  재밌게봤어요ㅎ  내가 몬스터영화나 볼려고 아까운돈을 날린게 아닌데긴장감1도없고 애들용수준임 컨저링시리즈도 단물 다빠졌네  
238,심야로 봤는뎈ㅋㅋㅋ모든 악령들이 다 나오는 대 환장 파티ㅋㅋㅋ전 재미있었어요스토리는 쏘쏘  온갖 힘은 다 줬다가 느슨하게 빼버리는 느낌 가득한 영화  보다가 결국 1시간 만에 포기하고 나왔습니다심장 세상 쫄깃쫄깃해졌네요ㅎ  차라리 사브리나를 보세요 중2때부터 컨저링 유니버스 광팬으로서 최근 꺼는 3연속 실패했네요 감독이 바뀌었을 때부터 알아봤어야  보다가 잘까말까 고민한 영화  
239,ㅅㅅ무섭다 인형 무섭ㄷ ㅏ 무섭다  스크린 장면은 많이나와서 좋은데 초반중반 스토리가 평범하고 느려서 살짝 졸린 그런게 있네요 사탄의인형 처키가 더나았던거 같아요  2보다 떨어지는 공 공포감이지만 충분히 재미있었다 10점 주는 이유는 중간에 피자배달부 드립이 찰져서 ㅋㅋㅋ 락앤롤이랑 피자드립 ㅋ  개노잼쓰렉영화 발암캐릭터로 관객열받게한후에 주인공들 움직이는것도 줜내답답해서 더빡치게만듬 내용95퍼센트가 덜덜덜떨면서 귀신있나 고개돌리고 코인쳐줍고 무서워하는거 끝 주인공들이 무서워하는걸 보여주면 관객도무서워지는줄  알바 디질랜드 ㅋㅋㅋㅋ  
240,출연진 시나리오 연출 전부 3류느낌그냥 보지마세요 돈아깝고 시간아까움  이런거 적어도 되나 일단 툭툭떨어져서 놀램하나더 이건 스포일수도 있는데 동전  진짜 노잼입니다 사운드적으로 압도감을 주는 것도 없고 몇장면 놀래키기 위해 만들어진 영화에요 돈주고 영화관에서 본게 아깝다고 느껴지네요  다른 공포 영화는 보고나서 두렵고 섬뜩한 맛이 있는데 이건 그런게 하나도 없음 그리고 억지로 이어간다는 느낌을 많이 받았어요 다른 분들은 어땠을지 모르지만 너무 산만하고 말도 안된다고 생각했어요 스포가 될까봐  오랜만에 와이프랑 손잡고 봤네요ㅎㅎㅎ  애나벨 보러갔는데 딴 귀신들 많아서 정신 사납다 워렌부부분량도 아숩 ㅠㅠ시리즈 중에  2가 젤 낫네  
241,1보다는 안무섭고 그냥 가볍게 볼정도예요  애나벨 인형의 주인이 훨 나음  보지마셈 집에서 보셈 돈아까움 못보는 사람은 추천  
242,컨저링1이 그립다많이 약하다걍 그럭저럭 볼만했다고정신승리한다스파이더맨으로 정화할련다  딱 별2개가 어울리는 영화스토리도 없고 공포마저도 없었음 뿔달린 악령은 쥬토피아에 나오는 경찰양이 딱 생각나서 보다가 웃음 터져버렸음  약해 약해 실망이 이만저만이 아니다  하나도 안 무섭다 공포영화 맞아ㅋㅋㅋ 시리즈 중 최악이다  상자열었다가 다시 넣음 그게끜  오늘 밤 잠 다 잤다ㅋㅋㅋ  내용보다 학생
243,들이 애나벨이다 라고 큰소리내는 경우는 뭐냐  공포용화중에서는 상당히 재밌게 본 편입니다  제임스 완은 대체 왜 감독자리로 안돌아오는걸까  보면서 진짜 무서웠어요 ㅠ  제임스완 감독을 좋아하는 관객으로써 이번에도 만족스럽습니다  보는 내내 긴장의 연속  공포영화는 역시 제임스 완 아니냐ㅋㅋㅋ  
244,열지말라는건 열지말고 만지지말라고 하는건 냅두라ㅡㅡ  간만에 무서운 공포영화  재밌음 얼마전 사탄의 인형보고 오염된 마음이 애나벨 보고 정화된다 그리고 악령이 종합선물세트처럼 나오는게 마치 어벤져스를 보는 느낌  애나벨2 평점보고 애나벨3 평점으로 착각해서 잘못보고 옴 ㅠㅠ 애나벨2가 머리아플정도로 무서웠으면 이건 그거의 10분의 1 주변 사람들이 놀라는 소리가 더 무서운 영화  집에서 벌어지는 3인 난장판 파티컨져링 부터 다 봤는데 제일 공포스럽지 않은 분위기중간 중간 끼었는데 억지 웃음그래도 방에 전시되있는 귀신도구의 용도귀신들 봐서 신기함사무라이티비동전 등등  악령들이 진짜 많이 나와서 너무 무서웠어요  
245,애나벨이 실존한다면 감독부터 조지러 갈듯 뻔하고 지루하고 제임스완이 관련 시리즈 만들고 있어서 인지 뜬금포 늑대인간끼워넣고  최악이었습니다  애나벨 보지마라 괜히 평점낮은게 아니다  제임스완 복귀 시켜라그 동안 쌓아놓은 업적을 다 말아들 먹네  
246,내가 원한 공포영화가 이런거임 진짜 무서워서 찍소리도 못하겠더라ㅠㅠ  
247,분위기나 갑자기 튀어나와서 깜짝놀라는거에 비해 마무리가  허무한듯  보면서 옆사람한테 민망할 정도로 계속 하품했다  제임스완 감독이 아니라 그렇지시리즈니까 하지말라는걸꼭 하지말라고  제임스완이 했으면 더 고급스럽게 무서웠을텐데   집에엘리베이터 불이꺼져있어 무서워 죽는줄  
248,기대를 져버리지 않았다  1점도 아깝습니다 아 진짜 내 돈애나벨 컨저링 광팬인데 진짜 이번은 너무했습니다와 진짜 게리감독 거 앞으로 영화관에서 안 본다  진짜 개똥영화 공포영화보면서 움찔안한건 외국영화중 처음이였다  개쉽뇨잼이었습니다 ㅎㅎ  컨저링에 명대사 등록해서 추천수 많이 받을만큼 시리즈 다본 팬이지만 이번껀좀 김빠진 콜라그만우리고 박수칠때 갔어야  진부하고 루즈한 내용이었지만 공포장면으로 뒤집을 수 있을거라 생각했던 제가 어리석었습니다 충분한 공포도 없고 내용은 예측가능한 수준을 넘어 너무 허무한 결말 그리고 어디서 봤다 싶었는데 인시디어스12 랑 전개가 제가 공포영화를 무서워하고 좋아하는데 이거는 쫌 너무 시시하고 허무하게 끝낫어요 추천드리지않아요 그냥 존 윅 볼껄 그랫네요 돈주고 보기 아까울정도로 너무 재미가 없엇습니다 평점 1점도 아깝네요    어둠의 인도자 야스오  악마 얼굴 아무리봐도 어둠의 인도자 야스오ㅋ  무서워서 놀래서 들썩거리는건 이해하겠는데 전혀 놀라지 않는 부분에서 의자좀 발로 차지마세요 영화보는 내내 뒷자석분 발로 의자를 차서 영화를 보는건지 마는건지 신경쓰여서 짜증나 죽을뻔 26일 동백 5시15분 열 
249,하지말라면 좀 하지마 손이 방정ㅉ  쓸데없는 시작  공포밑밥  갑툭튀  뜬금없는 퇴치이 전형적인 4단계를 벗어나지 못하는 제자리 걸음 호러물이럴거면 굳이 왜 계속 속편을 만드는지 이해가 안간다  귀신만나면 질질짤거면서 왜 쳐 건드는거여 또라인가 근데 솔직히 너무 식상하다 이런공포영화차라리 숨바꼭질은 진짜 신박했는데  나름 재밋게 봤습니다 다니엘라 진짜 개때리고싶다  내용도 빡치고 영화속 친구년은 더 빡치고 영화관 내 폐렴환자랑 말개많은 장애들때문에 ㄷ기충ㅈ루아지내ㅣ유너자나루애ㅣㅣ츠ㅜ하리니 하하하하  이번에 진짜 재미없어요ㅜㅜ 돈아까울정도 갑툭튀가 알만한 갑툭튀고 갑툭튀도 갑툭튀하다가 끝나고 정말 재미없어요 뻔한얘기  진짜 너무 재미없다 공포영화 좋아하는 사람은 절대 보지마시길컨저링2애나벨2인시디어스4애나벨3  재미있긴했지만 너무 쉽게 끝난거 아니냐구 마무리가 아쉬워요ㅠㅠ  안무섭고 깜짝깜짝 놀라기만함 차라리 더넌이 더무섭네 ㅡㅡ 더넌도 안무서운편이지만  개쌉노잼인데 무섭긴 진짜 오질라게 무섭네  와 이래야 애나벨이지 완전 꿀잼  전 에나벨 1 2 보다는 덜 무서움  애나벨 이번에도 열일하네요 ㅎㅎ 다니엘라 넌 나좀보자  무지하게 재미있어서 지인에게 권유했습니다  진짜 나오는 유령들 거를 타선이 없다  세트메뉴 완전 대만족 진짜로  이정도면 정말 공포영화 중 최고라 할만하다  워렌부부가 많이 안나와서 아쉬워요 중반까지 이야기를 끌고가는 게 좀 지루했구요 워낙 컨저링 유니버스의 팬이라서 더 기대했을 수도 있지만 아쉬운 건 어쩔 수 없네요 확실히 컨저링1이 잘 만들었던 영화란 걸 새 차라리 같은 인형인형사탄악령 으로처키애나벨 싸움으로 가던지 처키나벨 어벤져스 인형게임 가던지 해라그게 더 무섭고 재미있을듯  무섭진 않지만 딸 기특해서 감동 눈물나올뻔했어유ㅜ  보는동안에는 쫄깃하네요  나는 유투브 에 패트릭 윌슨 본래이름패트릭 조셉 윌슨이 유투브에서 노래 부르는 모습 보고 너무 감탄을 해서 노래에 반해서 이 글을 올림  에나벨 맞나내가 도대체 뭘 본건가 싶은 스토리 개판난데다 진짜 공포 요소가 그냥 성의가 없다  
250,또 똑같은걸 다 갖다 썼네 이번엔 주온까지 베껴먹었어 얼마나 양산형으로 찍어대는건지 대체 그리고 눈에 동전박아넣은건 뭐야 통행료는 뭐냐고 감독아  컨저링 유니버스는 죽어가고있습니다더 넌은 너무나도 최악이었고 이번 애나벨도 비슷한거 같습니다너무 익숙한 전개방식 익숙한 캐릭터와 개연성 스토리는 제데로 된게 하나 없고 갑툭튀만 나오는 급 호러영화 같았습니다 무서운 장면이 거의 없어서 실망했어요시리즈별로 다봤는데 이 작품은 너무 약해요  
251,영화를 보면서 느낀점 하지말라는것은 하지말자 괜히 용기냈다가 피해만 입는다 영화 너무 맥없게 끝나버렸다 진부한 스토리  후반 20분만 공포영화다움  애나벨 시리즈는 다 봤었는데 그 중엔 이게 제일별로였던 것 같음 초중반까지 전개가 다소 지루하다는 생각이 들었고 후반부 가서야 긴장감이 느껴지는극장가서 꼭 돈을 주고 봐야하는 영화는 아닌 듯  영화가 진짜 구려서 보는나내 냄새가 나는거 같았어요 아직 보지 않았다면 보지않는것을  추천합니다  
252,그 남자는 왜나오는건지 모르겟지만나름볼만ㅎㅎ 덕분에 더위가 사라짐  공포영화 매니아인데ㅜㅜ태어나서1점주긴처음ㅜㅜ죄송하지만너무식상해요ㅜㅜ왠만큼식상한건 커버하는데 보다가잣어요  말 그대로 찌꺼기 조림 같은 영화  공포영화치곤 하나도 안무섭네 생일파티하다가 남자가 여자꼬시는영화로밖에  매우 기대하고 봤는데 이번껀 좀 별로다 깜툭튀밖에 없어서 곤지암 급이었음 그리고 영화의 반틈이상이 별 쓸모도 없고 재미도없고 그냥 지들끼리수다떠는것 급전개하고 결말이 매우 재미없었다  지난 영화부터 점점 별로네요  뭐냐 이게  완전 양산형 공포영화 다 됐구만 단물 다 빠진 컨저링 유니버스  
253,재미있게 봤습니다   비스트보다 훨씬 나음 그리고 다른건 다 놀랄거같아서 알고있었는데 어이없게 놀랬음ㅋㅋㅋㅋ 영화관사람들 다 그부분에서 다같이 놀래놓고 어이없어서 웃었었는데 스포니까 안알랴줌  생각보다 등장 귀신들이 임팩트가 없고 예상한 전개대로 흘러가서 지루했습니다 솔직히 돈 아까운 수준  애나벨2가 괜찮아서 엄청 기대했는데 2의 반의 반도 못따라감너무 허무하게 일이 해결되고 스토리도 너무나 부실ㅠㅠ별로 무섭지도 않고 기대한 것에 비해 너무 별로였네요  
254,전작들에 비하면 좀 약했네요  놀래키려는 거 밖에 없네 근데 그거 조차도 안 놀라는 급 자칭 탑급 악령인데 이렇게 쉽게당해  그런 방법으로라도 간절하게 보고싶은 사람이 있기에 다니엘라 미워할수 없었어요  
255,주디 생일파티 갔다 온 기분  
256,개그도섞인거같음ㅋㅋㅋㅋ  저번 시리즈도 별로 안 무서웠는데이번에도 별로 무섭지않았다혼자봐도 괜찮음  별점5개준 형 누나들은 토이스토리4보다가 지려버릴듯  막 무섭지는 않은데 깜짝 놀래는 부분은 굉장히 많은거 같아요 좀 소리가 거슬리긴하지만 ㅠ  신스틸러 볼보이 밥 ㅋㅋ  주연이 아닌 조연이 다 해먹는 영화  무서운게 아니라 놀란거다  쥬라기월드박물관이 살아있다  오늘이거보고 이제야 이시간에 올리는데 전편은 진짜스토리있고 재미있지만 이번껀 조금 식상하다애나벨땜에 거기 안에있는 다른악령을 볼수있는 기회를줬지만늑대인간뭐고글구 진짜 귀신은 우릴만질수없는데 그악령들은  애나벨12에 비해서 너무 재미없었어요ㅠㅠ  아무도 안죽고 해피엔딩이라니 이거 뭐냐 공포맞냐  다니엘라 진짜 미쳤   냐 개쌉 머갈통 50대각  1도주기 아깝다 진짜 이딴걸 영화라고만드냐가면갈수록 노잼이고 내가 왜 이걸 그토록 기다리면서기대했는데 지네끼리 염병하다가 끝남  제임스 완 이 감독을 맡아야 되는 이유  
257,전 재밌게 봄ㅎㅎ괜찮던뎅  스토리가 주는 공포감 없고 귀신이 나올 타이밍에 튀어나와서 놀래키는것만 함 더넌이 컨저링 유니버스의 위기를 보는것 같은 기분이었다면 애나벨3는 최후의 모습을 보는것 같음 마무리는 엑소시즘 영화가 아니라 디즈니 하 노잼진짜 이렇게 노잼일수가보는내내 하품 엄청함하감독 왜 바뀐거냐  애나벨 시리즈 자체가 재미없음  씹개핵노잼열자열자  애나벨 시리즈  통틀어  개노잼  알바들아 적당히하자  이런다고  없던살림살이가  나아지니 ㅡㅡ  이렇게 시시하고 끝까지 안무서운영화도 처음 ㅡ ㅡ  영화가 왜 이따위였나 봤더니 각본가 출신의 감독이 만든 입봉작 엑스맨 다크피닉스도 각본가 출신의 입봉작 이래서 각본하던 애들은 각본만 써야하는데  제목으로 영화관이 아니라 집으로 가서 봐라고 고백하네  제목 잘지었음 ㄹㅇ 보다가 집으로 감 레전드  이거말고 컨저링 1 다시 보는게 좋아요  무서운영화가아니라 깜짝놀래키는 장난같은영화인듯  솔직히 지금까지 봄 애나벨 시리즈 중에서 제일 별로였음 ㅠㅠ 진짜 돈 아까움 기대하고 봤는데 실망  그동안 못해준 종합생일선물세트 씨게 박아준 영화  역대급 노잼이였다 돈아껴서 콩순이 인형이나 사세요  컨져링 유니버스치고 시시한 도입부가 너무 길었음 이게 루즈하게 느낀 이유중 하나 신부 페리맨 등장씬 말고는 다 무난하고 진부했음 웨어울프는 볼보이밥은 왜 나오는거여  솔직히 너무 안무서웠어요 이번편은 애들 3명이 주를 이루다 보니 다보고 나서 애기들 영화 같다는 느낌만 남네요 그리고 주온 따라한 이불씬은 정말 진부하네요  탱거가 어그로 끌고 딜러가 딜하고 힐러가 힐하고바드는 쩔만 하는 영화  이걸 볼 빠에 2001년 방종된 학교괴담 만화를 정주행 하겠다 공포영화인지 로맨스영화인지 분간이 안됨 답답하다 못해 속터지는 영화니까 콜라 필수 첨부터 끝까지 속터짐 애나밸 방출시켜도 화도 안냄 오히려 감싸줌  노잼노잼노잼 하나도안무서움 내생에 최고 공포영화는 알포인트  최악의 보어링한 공포영화 공포라는 타이틀도 아까움  다니엘라 진짜 이쁘게 생겼네  
258,애나벨 말고도 다른 악령들이 때거지로 나오는데 그거 보는 재미가 별미임 특히 동전 뿌리고 다니는 걔가 진짜 대박 ㄷㄷ  애나벨 엄청 재미고  재미써요 간만에 공포영화 진짜 재미게 봐서요  한줄요약아 내8000원 이거보다 기생충이더무서움  영화 시작하자마자 소리 지른 어떤 남성분 때문에 웃겨죽는줄 ㅠㅋㅋㅋ 남자친구는 옆에서 눈감고 뜨질 못하더라구요 하하  저는 엄청 무서웠는데 같은 상영관에 있던 사람들 중 유일하게 저만 소리 질렀어요다들공포영화장인들만 계셨던건지 아니면 제가 새심장인건지 모르겠ㅋㅋ솔직히 스토리가 짜임새있지는 않아요 하지만 깜놀포인트는 많아 
259,           
260,액션판타지 영화 보는 기분이었어요ㅠ 애나벨이랑 컨저링시리즈 중에 젤 안무서웠음워렌부부가 직접 활약하는 게 보고 싶네요  에나벨 재미있습니다 짱  
261,다양한 악령들이 나와서 재미있게봤어요  ㄹㅇ 후기평 생각보다 별로 안무섭고 좀 끝이 허무함 그래서 아쉬움은 많이 남겼지만 그래도 어느정도 재밌긴 했음ㅎㅎ  그냥 기존 컨저링 애나벨 시리즈처럼 클리셰 범벅인데 배경은  나름 어둡게 연출해놔서 본인이 쫄보라고 생각하시는 분들은 무섭습니다 그리고 이번작은 엑소시즘등 오컬트적 요소가 거의 없습니다  나쁜 악령만 있는건 아닐거야  항상 건들지말라는데 건드는놈 주변에 한명씩 있음  영화내내 긴장감있었던 전작에비해서 확실히 스릴감이적고 루즈해졌지만 그래도 무섭긴무서워서 7점줌ㅋㅋ 글고 컨저링유니버스의특징이긴하지만 제발 하지말라는건 하지말고 열지말라는 좀 열지좀마라ㅋㅋ  열지말라는거 열어줘야 영화의 묘미 아닐까요  다니엘라가 다했다  조조로 봤는데 괜춘합니다 약간 프리퀄느낌애나벨 1 2 컨저링 시리즈와 연결되는 부분들이 다른 시리즈보다 적습니다 영화 자체는 재밌음  박물관이 살아있다가 더 무서웠습니다 쓰레기 영화  애나벨 시리즈 다 봤지만 이번엔 정말 재미가 없었음기대를 한만큼 실망이 컸음시리즈 중 첨으로 돈이 아까운 영화  진심으로 투표 해주세여 애나벨 보신준중에 애나벨 보는게 나면 좋아요 토이스토리보는게 나면 싫아요 눌러주세여ㅜㅠㅠㅠ 제발루 ㅠㅍ  알고보면슬픈영화  3류 쓰레기영화 전편은 재밌게봤는데 이건 그냥 노답영화  다니엘라 18 하지말라는 건 좀 쳐 하지말라고발암걸릴거 같은데 살아서 기분나쁨쿨하게 사고친놈은 책임을 져야 하는데 18  개노잼  보다 나왓음 ㅗㅗㅗㅗ  재미없어서 보다가 나옴 돈 아깝고 시간 아까움  꼭 평점보고 영화보시죠  시리즈중 역대급 노잼이에요  무섭지도 않고 사운드만 빵빵하고  그냥  유치함 그 자체 최악임 ㄹㅇ 보다가 잠왔숨  진짜 재밌는데평에 호불호가 갈리네요ㅜㅜ  오늘 수원에서 애나벨 오후 1시타입꺼 봤는데 옆에 여자 때문에 재미있게 봤다   너무 잘 움찔움찔거리는데 귀여웠음 나중에 거의 막 바지 부분에 여자 울더라  난 화장실 가고 싶어서 미치는중 ㅠㅠ 님들 영화  에나벨 시리즈 중에 가장 재밌게 보았고 웨렌부부 이야기가 아닌 2세대인 주디 이야기 굿 에나벨의 클라스를 정확히 알게 해준 영화임 다만 매니아층이 아는 귀신출몰 타이밍에 역시나 였고 뜬금 없고 비중 있을듯 없던 울버 
262,역시 믿고 보는 공포맛집  뭔 애나벨 주연인 구스범스 본다고 생각하시면됨늑대인간에서 딱 삘이왔다 초반 깜짝 놀라면서 친구뺨싸대기 내리치고 싶은영화정작 애나벨은 별로안나옴  내가 태어나서 본 영화중 제일 노잼 공포영화인데 어떻게 한번도 움찔하거나 놀란적이 없음 스토리 내용은 초딩이쓴거처럼 유치하고 진부한 전개차라리 토이스토리4가 더 무서울듯  개노잼 무서운게 하나도 안나오던데  다니엘라 다니엘라  암걸려 죽는 줄내가 영화를 보러 온건지 암걸리려고 온건지아니 전혀 이해가 가지 않는 캐릭터 다니엘라 그리고 귀신이 나올거면 나오든가 마지막에만 찔끔 나오고 이건뭐 돈 내고 스트레스 받으러 왔네 영화보는데 심장이 집으로 먼저 갔네요  ㅜㅜㅜ무서워요  와 이거 역대 최고네ㄷㄷㄷ  오늘 개봉해서 조조로 혼자 보고옴 전작에 비해서 무섭지도 않고 약간 지루했어요ㅜㅜ  늑대인간 때문에 1점준다  진짜 다 괜찮은데 늑대인간 나오고부터 웃음참기였다  공포영화 마니아로서 초반부터 지루했고 흔한 클레셰 범벅에 갑툭튀와 소리로 깜놀 시키는것 조차도 다 읽혀져서 정말 무섭지도 놀라지도 않았음 심지어 늑대인간 동전귀신 비쥬얼은 코믹 버젼  많이 아쉽다  갠적으로 애나벨 시리즈중에 가장 재밌게 봤음 1편은 지루하고 무섭지도 않았고 2편은 너무 귀신이 많이 나와서 지저분 했는데 3편은 내용이나 귀신출현도 적당하니 잼나게 봤음ㅋ특히 남자애 존잘이라 눈호강쓰  진짜 12에비해 실망감이 큰 후속작로레인 워렌 고인의명복을빕니다  감독 진짜 쓰렉이네  이게 영화냐  네이버 평점 7점대라서 순간 방심하고 봐버렸네 ㄹㅇ 초심 잃고 박물관이 살아 있다가 돼 버렸네  공포영화가 아니라 박물관이 살아있다 아니냐 컨셉한참 잘못잡았네  이건 애나벨 3 이라기 보단 컨저링 유니버스라고 타이틀을 걸지  솔직히 애나벨 얘기보단 다른 귀신 얘기들이 80 분명 몇몇 악령은 영화화 될 거 같음 특히 사무라이 씬은 그냥 무서움  세상에서 한 가닥 하는 악령들이 세명의 소녀에게 털리는 영화 그래도 컨저링 유니버스의 의리로 재미나게는 봄  무서운 장면이 크게 많지는 않았고 무난했던 것 같음  평점 1점도 주기 아까운 영화 귀신 나오는 장면에 웃음밖에 안나옵니다 이게 공포영화인가 코미디영화 같은데  3편은 로레인워렌에게 바치는 영화로 마무리  애나벨로 대체 얼마나 뽕을 뽑아야 시원하겠냐이따위로 만들거면 안보고 말지  평점1도 아까움 컨저링1이후로 제임스 완 작품 중 무서운 게 하나도 없음 요번 영화는 게다가 완전 고구마 전개임 워렌 부부가 나올 줄 알았는데 조연역이고  개망작 뻔함 발 당기는거 말고 뭐 없냐  와 이렇게 망가졌을 줄이야 완전 3류 더 이상 만들지마라 수준이 폭포수 떨어지듯 요즘은 전작들 명성에 먹칠을 하는 졸작들이 이름만 달고 나오는게 너무 많은 듯  
263,생각보다 별로였어용  진짜 개노잼이었음  별별 악령이 다나오네요 잡스럽네  무서운거 못보는 1인인데 무서운적이없음 ㅠ  진짜 오지게 재미없다 나 진짜 무서운거 못보는데 이건 진짜 1도 안무섭다 갑자기 나오는 러브스토리는 뭐고 갑자기 와랄랄라 화목하게 끝내는거 진짜 뭐지 너무 당황스럽네 내 1만1천원악령들이 그렇게 많은데 정말 지금까지 나온 시리즈중 제일 재미없는 편 공포영화가 아니라 놀래키는 영화설마 이렇게 끝나지는 않겠지하는데 끝나는내용도 없고 갑툭튀만 있는 영화 이거 보실바에 그 전편보시는게 더 나을 
264,무서운장면 많아서 행복햇어요  진짜 1점도 아까워요하나도 안무섭고 지루하기만 하고ㅇㄱㄹㅇ  보다 잤음 더 이상 안나와도 될듯  ≥∀≤예수님 안믿는 초딩들을  전도하기위해 만든 영화 같은데  
265, 처럼 아이들끼리 난관을 극복해 나가는 방식이 좋았다  
266,무서워 밤에 무서워  재밋음 워렌부부나와서 해결해줄줄알앗는데  저는 정말 무섭고 짜릿하면서 잼게 봣습니다제발 관람안한것 미개한것들은 댓글을 달지마라  니네들이 10점주는건 오직 국내영화잖아오직 니들만의 애국주의 마인드  나름대로 괜찮았다고 생각합니다 중구난방이긴 했지만 그럭저럭 뒤에서 발로 내내 치고 옆에 커플 영화내내 속닥여서 기분 더럽게 영화를 본덕일까요무섭고 짜증났습니다 정말   
267,생각보다 무섭지 않았어요 근데 옆에서 왜 제 남자친구는 팝콘을 쏟았을까요 ㅋㅋㅋㅋ 너무 감동을 주려고 억지로 애쓴 것 같아요  
268,아휴 별로 안무섭네요 ㄷㄷ  무섭긴하지만 재미없었다 옆에아저씨 영화관에서 휴대폰은하지마시죠  
269,애나벨 시리즈 처음 봤는데 볼만함   좆 대한민국 나라 잘돌아간다 영화보는데 초딩들 존나시끄럽네 시발  같이 영화보던 제 옆의 여자친구가 제일 무서웠습니다  클리셰 범벅 뻔하디 뻔한 이야기  전편보다 덜한 공포 질질 끄는 스토리  미안 반은 못봤어그래서 6점  하나도 안무섭다 이게 애나벨 시리즈였나 할 수 있을 정도였다 컨저링 유니버스중 최악이다 이쯤되면 제임스완 감독이 감독 해야된다 갈수록 실망적이네  컨저링 유니버스 전편 영화관 관람자로서 단연 최악이네요 무섭게 만드는 게 그렇게 어렵나ㅜㅜ  이딴게 무섭단다 ㅋㅋㅋ  소소하네여 조금아쉽네요  네이버에 귀신 이미지 보는게 더무서움 그냥 무서운 분장 갑툭튀만 ㅈㄴ하고 줄거리 1도 없음 결말은 진짜 하  애나벨 이제 정말로 집으로 보내주고 다신 만나지 말자  그냥저냥하지만 예측가능해서 별로 무섭지는 않았엉ㆍ  걍그랬어요 공포의 포인트가 다른듯  애나벨 비중은 안습이고 다니엘라는 암덩어리 그 자체 그래도 더 넌이나 요로나의 저주보단 낫다  1도안무섭다는 애들은뭐냐 심장개쫄렷구만근데 허무하게 끝난감이 좀 있음  솔직히 말해서 그냥 놀래키는 것만 있고 무서운건 글쎄요  그냥 원렌부부가 스크린에 나온 것 만으로 기분 졸라 행복했다  
270,시시하네욤 ㅎㅎ중간에 상자 닫히는게 제일 무서워요  공포물의 답답함의 진수를 보여줌 집에서 밤에 불 좀 킵시다그리고 뭔 소리가 나면 왜이리 천천히 움직이는건지 첫 장면부터 끝까지 지루지루 하품만 쩍쩍악령들은 쎈척만 하고 애들한테도 꼼짝 못하네  보면서 잤고마지막은 안 보고 나왔음돈 돌려주세요너무 아깝네요놀라긴 개뿔새로움 없음  노잼 무섭지도 않음  완전 기대 이하 깜짝 놀라는 장면 많긴 한데 그것마저도 다 예상됨 컨저링1처럼 뭔가 긴장감있게 만들고 싶어한 거 같은데 컨저링1에 비하면 한참 멀었다 개연성 제로 스토리 제로 설득력 제로 급하게 나름 괜찮게 봤음깜짝 놀라는 장면이 많아 좀 볼만했는데애나벨 자체는 하나도 무섭지 않았음오히려 드레스 입은 마네킹이 무서웠음  오늘 보고 왓는데 그렇게 무섭진 않앗음 그냥 깜짝 진지 깜짝 깜짝 짝짝짝이엿는데 더 잇을꺼 같은데 끝이엿음  오늘 보고 왓는데 그렇게 무섭진 않앗음 그냥 깜짝 진지 깜짝 깜짝 짝짝짝이엿는데 더 잇을꺼 같은데 끝이엿음  오늘 보고 왓는데 그렇게 무섭진 않앗음 그냥 깜짝 진지 깜짝 깜짝 짝짝짝이엿는데 더 잇을꺼 같은데 끝이엿음  
271,안무섭고 이건 뭐 공포도 없고  공포영화 왠만한건 다봤는데 이영화는 00 랑 맞먹는영화였고 결말이 억지스럽습니다  무섭기 보단 귀신의 집에 다녀온 느낌 귀신이 있는건 알지만 언제 어디서 귀신들이 튀어나올지 모르는 긴장감이 백미 이번 영화는 10대들을 위한 공포물 잔인한 것도 없고 썸타는 틴에이저들 귀엽네 10대 커플들에겐 적극추 귀신뷔페임 잡 악령 다나옴 무섭기보단스토리인거같음  클라이막스가 넘 빨리 끝났네요  개별로 이제 지겨워   진짜 10 핵노잼 이거볼바에 디비디방가서 유전보세요최고의 영화입니다 유전  해도해도너무한다 씨급인가  
272,계속 색다르게 놀래키는데와미치는줄여러분 하지말라는건 진짜 하지마세요ㅠㅠ  두꺼운 옷 준비해가라 계속 긴장했더니 극장에서 춥더라  공포영화로써 전체적으로 만족스런영화  아이러니하게도 무서운 영화인데 무서운 장면이 없다  잔재주만 늘었다  다니엘라는 너무 암걸리는 설정이고 설마 끝나나 싶은데서 끝나니까 어이가 없음 이제 그만 나와도 될듯  결정적으로 1도 안무서움  극장에서 돈주고 볼정돈 아님니다 공짜표나 무료관람권잇으면 그걸로 보는거 추천합니다 극중 부부딸때문에 봣다 암덩어리들 만지지 말라는거죄다 만져  진짜 재미없음 한개도 안무서움 그냥 하나하나씩 다 보여줄려고 하다 보니까 더 유치하고 지루해짐  2편에서 에나벨을 확 살렸다가 3편에서 대차게 말아먹음 컨저링 12와 애나벨 2 에서의 쫄림과  놀래킴은  더넌과 애나벨 3에선 실종되고 스토리는 헛웃음만 나오고  공포영화의 법칙을 깨는 얄미운 친구 캐가 있어요 짜증나게시리 갑툭튀 몇번 있긴 하네요  역시 컨저링 유니버스 영화는 제임스 완이 연출해야 재밌나보다  
273,집중해서 보긴했지만 전편보단 아쉬웠음  6점이 제일 넘치지도 부족하지도 않은 점수라고 생각된다  이제는 컨저링 시리즈에 익숙해져서 좀 아쉽지만여전히 볼만은 함  공포 영화가아니라 방탈출 영화 나오는 순서 다 알려주고 나올때는 독립개체처럼 나오더니 에나벨 하청업체라 따라가기 바쁘고귀신들은 십자가선에서 퇴마가능 에나벨은 오랜만에 만난 사람들이라 반가웠는지 재미있게 놀다감  무서움은 배 재미는 다운 역시 워렌 부부가 등장해야 제맛  갑툭튀의 향연 제목을 애나벨과 친구들로 바꿔야 할듯  퀴즈쇼 경품으로 주는 인형이 실제 애나벨 모델입니다  솔직히 발암물질가튼 다나엘라 핵싫고영화관에서 소리지르는 사람은 더싫다 그정도면 그냥 집에서 봐라  하지말라면 좀 하지맑  덜 무서웠음ㅋㅋ 그래도 뭐 시리즈 챙겨보는 맛  
274,생각보다 무섭지 않아요   전 시리즈보다는 무섭지않고 아쉬워서  7점  실제 인형은 그냥 평범한 양배추인형 같던데  
275,어린아이들도 볼 수 있는 영화였던 거 같은데 재밌게 봤습니다  공포영화의 양대 산맥 컨저링과 애나벨 시리즈 명성에 걸맞지 않은 영화이다이제는 애나벨 시리즈도 제임스 완 감독이 직접 메가폰을 잡아야 한다  진짜 돈주고 보기는 아까운영화어쩜 이렇게 재미없는지  
276,주는거 없이 밉상인 애가 화근 ㅋㅋ그냥 빙의되서 죽으렴  아니 일점도 아까워 이 영화는 왜 계속 시리즈로 나오고 이야  컨저링애나벨시리즈 진짜팬인데  이번거는 진짜 너무 어이없다ㅡㅡ 워랜부부는 초반에 잠깐나오고 끝에 잠깐나오고 발연기하는 고딩3명이서 영화다만듬 재미있을리가있나ㅋ 진짜 무서운장면 1도없음  이거 보고 집와서 바로 마터스 봤습니다 이제야 공포 영화 본거 같네요  
277,초반은좋았으나 갈수록  귀신들은 오롯하게 샤우팅만 하다 끝나고 컨저링  시리즈만한 임팩트는 없었어요 이야기는 구멍이 숭숭나있고 일본어가 나온 그 순간 무슨 판타지로 변함  덕분에 꿀잠잤습니다ㅎㅎ  재미와 무서움은 없고 갑툭튀만 있는 영화  영화에 뭔가 부족한것같은감이 느껴짐  그냥 개허접하게 사람 놀래키다가 끝남 15세가 아니라 12세로 낮춰도 될 정도로 별 장면도 없고 여자 세명이서 꺅꺅 거리다가 끝남  하나도 안무서워요  이번 시리즈 최악입니다  기영화 돈을 버리는 게 더 이득  노무노무 무섭노ㅠㅠㅠㅠ   재미없음 갑툭튀 영화인데 언제툭튀어나올지 미리 알려주고 튀나옴후반부엔 거의 졸다가 마지막에에나벨 봉인하는거 잠깐보다가 나옴절대 돈주고 보지마셈 끝  어제 봤는데 솔직히 임펙트가 너무 약합니다 제임스완 감독이 제작하지 않아서 그런가 모르겠지만 더넌 요로나의 저주 애나벨 집으로 전부 별로에요  
278,숨막힐정도는 아닌듯 합니다  무섭기만 하고 재미가 없음컨저링2 때는 무섭고 진짜 재밌었는데  
279,영화에트징이업고 음악만잇슴  솔직히 요로나의 저주 보단 훨 나음 그렇다고 좋다는건 아님 내용도 없고 그냥 사운드로 놀래키는것 밖에 없음  역대급노잼뻔하지만여기서귀신이나오겟군안나옴이제나오겟지그냥지나감아극장에서보면서하품만나오다마지막욕나옴ㅜ왜이렇게노잼된거야ㅜㅜㅜ내최애공포시리즈인데돌아와요제임스완  애나벨은 늘 환영이지만 이번엔 많이 아쉽다 공포감이 많이 사라지고 놀래킴만 있다  
280,진심 개 실망 컨져링도 망했구나시트콤보는줄 알았네  볼만한데 막 그렇게 재밌진 않다  지금까지본 공포영화 중 가장 지루하고 재미없었습니다  갈수록ㅎ  귀신의집 외국편 애나벨 자꾸 실망시켜  재밌는데 놀래키는게 뭐 흔한 귀신이 잘잡아당기고뭐 그런거그리고 애나벨 존재감이 진짜 없음꽤 무섭긴 했디만 지루한 면도 없지않아 있었음 무서운서 좋이하시는 분들은 보시길 바람  
281,앤딩이 아쉽습니다  초반엔 볼만함  
282,공포영화는 늘 그렇지만 하지말라면 좀 하지마 라는 생각이 듦딱히 무섭진 않았지만 그래도 그냥 볼만 했음  
283,나름 괜찮았음    극장에서 많은 공포영화를 보았지만 관객들 비명소리가 안 들렸던적은 처음이었다  너네 집이 아니어서 그렇게 활약이 없었던 거니  특별한 내용이 있는 것도 아니고그냥 본격 놀래키려고 만든 영화 같네요 솔직히 많이 아쉬웠어요  롯데월드 귀신의 집 체험2  70살 할배 똥구녕 보는게 더 무서울듯   진심 돈아까워 죽겠다 아 졸라 진심 개허접이라 보는 내내 어이없고 짜증남 놀래키기만 졸라 놀래키고 분장 다 개허접 동네애들이 만든건줄  레알 허세아니고 요새 무서운거 못보는데 10노잼 이었슴다 ㅡ ㅡ 심장의 요동침이 느껴지지 않아써 ㅜ ㅜ 그냥 자려다가 개빡쳐서 쓰러왔음 제작관련한 넘들 다 묶어서팰거양  별 1개도 아깝다 급하게  지어낸듯한 스토리  최악  
284,전체적으로 너무 지루했고 하나도 안무서워서 진짜 별로 였어요 ㅠㅠ  클리셰 범벅이고 이야기 전개를 위한 억지캐릭터성이 꼴시려움 특별할게 없다졸립더라  평론가들도 평을 포기한 영화  컨저링 유니버스 영화중에서 제일 최악임이거보고 무섭다는 사람들은 전부 새가슴인건가ㄷㄷ  말이 필요없고 걍 고구마에다가 마지막에 뭐에용 진짜 오바야 아진짜화가난다 화가나 앵그리출동  역시 에나벨이였어요 잼잼  아우르르 나오는데 급 영화보는 느낌개노잼관객이 몇명빼고 중딩이였는데 그중 하나가 팝콘 떨어트리는게 제일 웃겼음애나벨 이제 그만 나올때 된듯  
285,호기심이 지나치네  넘 씹노잼이라 자다가 중간에나옴   공포영화중에 안무서운 영화 탑1위일듯너무기대하고봣나  
286,나쁘지않음 말을 안들어서 그렇지  일단 결말이 너무 허무하고 전작에 비하면 안 무서웠습니다 그리고 극 중간중간 나오는 장면은 일본공포영화 따라했나 싶었구요모든  악령이 다 나온다고 예고해놓고는 셋이서 하루만에 쉽게 해결해버리는 엉성함저 
287,재미있었다 새로운 스토리가 아니라서 조금 아쉽  
288,기대 이하였던 영화 공포영화를 좋아하는 입장에서는 실망 할만한 작품 평점 4점을 줄려다 동전 에서 놀랄만했기때문에 6점으로 드리는 이유 또한 하지말라는걸 다하는 인물 덕분에 고구마까지먹어버림  무섭지도않고 놀랍지도않음영화시리즈는1편이젤재밌음역시 알라딘볼껄  뜬금없이 뭐 닫히는 소리에서 제일 놀람  그냥 깜짝 깜짝 놀래키기만 하는 급 영화  제임스완 뭐하는 건지맨날 제작만 하네 컨저링 애나벨 기타 등등 시리즈 다본 사람으로써 진짜 재미 없었음 완전 실망 이제 제임스완 감독 아닌건 안보고 싶음  이번편은 진짜 실망이었음  애나벨 시리즈가 이렇게 더럽혀 지는것을 더이상 원치 않는다   그만 좀 못만들어라 진짜 아예 만들지 말던가 아님 제임스 완 감독이 한번더 끝장나게 만들어주던가  
289,꽤 무섭게 잘 만들었음 애너벨 시리즈 중 제일 남  컨저링 유니버스 작품중 가장 졸작더넌보다 더 심각급식둘과 초딩한명의 좌충우돌 우당탕탕 귀신체험기  
290,그렇게 막 무섭진 않앗음  근데 솔직히 컨저링유니버스 떨거지작 중에 나름 괜찮았는데  평점너무높다 한6점대가 적당함  그냥저냥 공포영화 자주보시는분들에게는 놀랄만한장면은 딱히없고 분위기는 좋게 흘러가는 무난무난한 공포영화  기다렸던 애나벨로 이렇게 뒤통수를 쳐주시는군요 ㅎㅎ  제발 불좀 켜라멀쩡한 스위치 안키고 후라쉬만 들고댕겨  무서운게 딱좋아 시리즈 보다 안무서움  제임스완 세계관 챙겨보는데 분노버튼은 애나벨 집으로로 결정ㅋ 태어나 처음 영화리뷰함 제목을 주디의 나홀로집에라고 지으면 될 듯   별하나도 아깝다  진짜 보지마요  무서움의 강도는 높지않으나 완성도는시리즈중에 가장 뛰어나다  가면갈수록 노잼 무서운분위기는 없고 놀래키기만함  정말 재밌습니다 더넌 보고실망했었는데  애나벨은 꼭 보세요  깜짝 놀래키는 무서운 장면들이 있지만 인상적이지 않다  내일 보러 갈건데 빤스 몇 장 챙겨야 하나요  너무 몰입해서봤는지 순식간에 끝났네요 저는 개인적으로 재밌게봤습니다  제임스완 공포영화는 무조건 본다  워렌부부 왜나온거임 ㅋㅋ 악세사리인줄 불좀켜전기세 아끼니 애나벨 시리즈 중 최악  최고의 영화이고  아쉬운점도 있지만  예나벨 영화중 가장 최고의 공포영화입니다  방금보고나옴 솔직히 이전시리즈가 훨씬 나음 영화관에 사람들 꽤 있었는데 소리지르는사람 한명도 없었음그나마 후반에 이것저것 나와서 볼만했고 초중반에 너무 지루하다가 후반에 다 때려넣은느낌이였음  재밌네여어어어너 1탄이ㅡ더 잼  이모 여기 미원좀 더 넣어주세요아참 이번껀 팝콘 사가지고 들가세요 안날아와용  전작보다 무섭진 않았지만 놀라는 장면이 뻔하지않아서 재밌게 봤습니다  
291,전 세계에서 가장 웰메이드 공포 프렌차이즈를 꼽으라면 단연 애나벨시리즈  후반부 갈수록 무섭다기보다는 콘스탄틴 형님이 생각나더라  어디서 놀라야하는가  
292,무서운건 모르겠고 계속 놀래키기만하더라  너무 재미없어서 졸았다는ㅋ  이번건  애나벨  이 아니었음 그냥  유령의집  일 뿐  난 이런걸 원해서 애나벨을 보려고 기다린게 아님  여자 두명 너무 섹시함  
293,생각보다안무서웠네요조금루즈했어요  첨으로 글적는다이번꺼 진짜돈아까웠다  진짜 보지말고 집으로 가셈 이거볼돈으로 차라리 스파이더맨이나 보셈 2가 너무 재밌어서 그런지 이건 너무 노잼이었고 공포영화에 하나도 안어울리는 개그요소도 있고  공포는 너무 줄임 다만 공포물건 종류는 많이볼수 있어 
294,솔직히 시리즈중에 정말 아쉬웟음  후반부 30분내내 레파토리가 친구들이랑 장난칠때 뒤에서 워 뒤에서 워  뒤에서 워 귀신인척 놀래트리기  역대급 노잼 무섭지도 않고 재미도 없다 지루하다 제임스완  감독 좀 해라 진짜 이게 뭐냐  제임스완 실망초심을 잡을때가 되었음  진짜 애나벨1만큼 재미있게봤습니다 처음에는 외부여자때문에 답답하고짜증났지만 내용과스토리와 귀신종류도 다양하고 너무무섭고 재밌게봤어요ㅠㅠ  이게 왜 무서운지 모르겠다  아빠를 보고싶다는 이유만으로 남의집 함부로 싸돌아댕기고 이것저것 다만지면서 암유발했던 다니엘라에 무섭기보다 놀래키는것만 때려박은 영화 존윅3 볼걸  별 반개도 아깝다 무섭기는 에휴시간낭비 돈낭비 하지마세요 ㅎㅎ이거 볼바엔 교회가서 헌금 하시거나불우이웃 돕는게 나음  너무 성의 없이만든것 처럼 보이네요  
295,집에 쌓아둔 인형 버려야겠다 동전도 ㅠㅠ  애나벨 시리즈 중에서 가장 무서웠어요 컨저링 애나벨 시리즈 좋아하시는분이라면 영화관에서 꼭 보세요 안보면 후회할거에요  진짜재미없어요 시간날림  깜놀만 오지고 재미는없음 쫄보새끼들은 재밌을듯  다니엘라 때문에 빡쳐서 영화볼맛 떨어짐 별로 재미없음 보는 내내 답답함과 짜증 개인차가 있지만 12에 비해 정말 재미없음 ㅠ  산자의 이기심이 악령을 부른다  더 넌 부터 급재미가없다신선하지도않고 시시했음 이번영화는  지림 팬티라이너만으론 부족 생리대 넉넉히 챙겨 가세요  에휴 요즘 댓글알바들 너무 많아서 누가 제대로 얘기하는지를 모르겠네 쩝  컨저링 유니버스 시리즈 다 본 입장에서 애나벨은 질리도록 많이봐서 무섭지도 않다 이젠 시리즈 다 본 사람들은 공감할듯  너무 재밌어요 또 보고 싶네요 강추 입니다  애나벨123 중에는 2가 제일 명작3 집으로는 솔직히 안무서움애기가 악령 퇴치하는 수준이면 말 다했지  동전귀신들과 늑대인간 에나벨로 이름 바꾸는게 나을듯 에나벨 비중 시리즈 12에 비해 너무 없는데  볼만한 영화 입니다  이런 노잼 호러영화는 왜자꾸 만드냐제발 호러영화좀 제대로 만들어라 18 890년대 영화들 참고좀 해라 새귀들아  제발제발 이렇게 빌테니 애나벨4 만들지 말아주세요제발 부탁입니다  개노답 여자애 때문에 발암 ㅡㅡ 보면 이해될거지만 안보길 바랍니다  내용은 없고 질질끌고 한공간에서 이뤄지는 사건을 다룰르면 번개라도 빠르던지 영화에서 소리만 지르고 뭐니  보다가 자버렷당  재미나네유재미있슝  
296,컨저링 시리즈 계속 다 보고잇는데 생각보다 요번에는 안무서웟다  해피엔딩이였던 결말이 아쉬운 영화  친구들의 악령 동굴 체험같았어요 잼났음 기타치는 잘 생긴 남자친구 기타 치다가 고릴라보고 닭장으로 도망치는 건 쌩뚱 맞구 귀여웠어요ㅎㅎ  유치합니다 그냥 소리가 커서 놀라는  
297,약간의 군더더기가 있네요 전개가 다소 느리달까 주연캐릭터도 스크린을 장악하기에는 좀 약한 느낌이구요 예전만 못하지만 그래도 긴장감 꾸준히 조성하며 공포물 성격에 충실한 영화  잠안올땐 애나벨 봐라 잘잤네아주그냥  볼만함 기대만큼은 무섭지 않아요  
298,음움음 뭐지 애나벨 시리즈중 넘 재미가 없었고  컨저링 시리즈부터 어느순간 초심을 잃은듯 유령이 안나와서 무서운 영화들이었는데이것도 귀신 나오기전까지 무섭고 귀신이 본격적으로 나온 다음 부터는 실소만 나옴  
299,그냥 다니엘라 죽이고싶음  발락나왔던거만큼 1도안무섭고 와이렇게실망할줄이야  이게 뭔 하이틴 영화 보는줄 알았다 남자애 기타칠때 친구랑 같이 다안보고 나갔음 구데기영화  
300,여름에 공포영화 하나쯤은 봐야 한다는 사람은 봐도 됨  
301,너무기대하고봐가지고 별로  오줌싸고 나와서 1점드림  컨저링 주인공이 나와서 컨저링 속편인줄애나벨 시리즈는 이상하게 움직이지 않는 인형이 더 임팩트 있게 보여줄 건 다 보여준다 다음편 나올려나  힐링에 도움이 되는 영화  두시간동안 뭐하고 있는거야  져 서프라이즈도 무서워서 못보는데 이건진짜 하나도안무서움 예고편이 끝임그냥  너무 무섭다착한귀신은 머지  언제부터 애나벨이 로맨스코미디였냐 초심을 잃어도 너무 잃었다 전개도 예상가능한 쉬운 영화  솔직히 1이 제일 재밋다  다니엘라 사이코패스같은 개연성 별로없는애때문에 관객들은 짜증만 난다  원래 별점 후하게 주는 편인데 요번편은 냉정하게 말해서 67점대 정도가 적당한듯 컨저링시리즈보다 재미없었고 애나벨2가 더 나았던거 같다 최근에 나왔던 더넌 보다 재미없었던듯 그래도 비추까지는 아니고  사실상 컨저링 1 2 만 재밌게 봤고 애나벨 1 2 더 넌 전부 실망했는데 이번 애나벨3는 진짜 너무 실망스러움 재밌는 소재로 그것 밖에 못 만드나 하는 느낌 뭔가 전체적으로 유치하고 무서운 
302,재밌긴 재밌는데 전편보다는 못한 느낌  
303,살짝후즈함ㅋㅋㅋ무섭진읺던뎅   왜케 재미없냐 러닝타임만 한시간임 ㅡㅡ막 무서운장면도없고 조조로봐라 돈아깝다 시리즈중 젤 재미없었음  뿌연 연기는 
304,의 시각에서만 보이는건가  개인적으로 공포영화를 좋아하는데 솔직히 별로 무섭지는 않았어요  너무 허무하고 러닝타임이 짧았다  그냥 그럼 막 재밌지도 않고 재미없지도 않음  전편에 비해 지루했습니다  2편이확실히무섭고잘만들어서3편은 그냥그럼컨저링12랑 애나벨2가 진또배기무서웠다이번영화는 먼가 중구난방한 느낌딱히무섭지도않음스토리나 분위기는 정말좋은데  솔직히 무서운 건 1도 없었음 그러나 스토리는 뭔가 마음에 들었어요  이제는 의리로 보는 공포영화 차기작도 제임스완이 메가폰을 안잡으면 컨저링 유니버스는 끝난다  보지마  영화관에서 잤음  ㅠ  다니엘라야 니가 죽기를 원하는구나  귀신이 까궁 하면서 놀래키고 별 다른 건 안함이야기 전개 쌈싸먹고 까꿍하는거 보러 갈거면 추천드립니다  본격 다니앨라 발암영화  깜짝깜짝 놀라는 것말고는 생각보다 덜 무서웠습니다 중간중간에 웃기기도 하고 끝부분에는 감동적이기도 했어요ㅎㅎ 심야영화로 추천합니다  무섭다기보단 놀래킴이 많았던 영화  지루하다못해 졸린 영화  제일 재미없었던  전작보다재미없어요 끝도 밍밍 몰아붙쳐서많이나온거치고는별로였어요  장르는 공포인데 전혀 공포가안느껴지는 졸작 돈아까움  무슨 집 안에 안개가 끼냐  개노잼 나온거 없음 그냥 노잼  여자들만 소리 꽥꽥 지르는 노잼 영화다 여자만 봐라 전혀 무섭지 않음 주인공 여자 트리오 비주얼값도 못 하는 영화  
305,무서워서 못봤네 진짜 무섭다  결국 애나벨은 워렌부부한테 봉인당하고 끝나는군요 허무한결말이군요  초반 지루하고  전편보다도  못합니다딱히 추천해주고싶지 않음  재밌으면 좋아요 재미없으면 좋아요를 눌러주세요  다소 아쉬운 부분이 많았습니다  왜 평점을 이상하게 주는거지 나는 지금껏 공포영화중에서 제일 무서웠다 오줌 쌀 뻔  애나벨 시리즈 중 제일 잼났습니다 올해 공포영화중 제일인듯  
306,애나벨시리즈중에서 가장 재밋엇다ㅠㅠ  리뷰가 다 재미없다해서 기대안하고 친구랑 보러갔는데 아니 대체 그런 리뷰남기는 사람이 누군가싶고 진짜 애나벨시리즈 중 가장재밌고 잔인한 장면도 없고 그냥 무서워요 꼭봐야됩니당 너무 재밌었어요 시간가는 계집들 꽤액거리는데 개패고싶었다 진심 한두번이어야 말을 안하지  그냥애들영화임 좆망입니다  아 개별로 진짜ㅠ생각보다 실망적임   결론만 말함안 무서움  무서운 장면이 단 한 개도 없음 캐릭터는 발암 진부한 놀래키기라도 해줬으면 했는데 그런 것도 없음 다치는 사람 하나 없음 영화가 개착함  이게 무섭다는애들은 군대도 안갔다온건가  방금 보고왔는데 솔직한 후기 얘기해준다컨저링 전 시리즈 다봤는데 이건 4점 그이상 그이하도 아님  다니엘라   귀벤져스 어셈블  두 소녀 몸매 아니였으면2점 줬을거  둘이봐서 2점 드립니다  이게 공포영화냐 7천원 아까움  19금이여서 눈을찌르던 피가 튀기던 했으면 열광했겠죠공포영화광인분들ㅋㅋㅋ 이거 15세에요ㅠㅠ 한계가 있슴당  또 또 또 우려먹네  
307,깜짝깜짝 놀라긴 했는데 막 무섭진 않았어요  1편이 더 재미있음  솔직하게 지금까지 컨저링 유니버스에 영화들은 전부 재밌는 스토리들을 가지고있는데 이번 애나벨집으로는 그런 게 없다고 봄 개인적으로 공포물 마니아로써 굉장히 지루하고 갑툭튀 장면도 별로 놀라지도않음 시리즈들이 솔직히 재미없습니다 무섭지도않고 4점준이유는 앞좌석 팝콘 쏟는소리에 놀래서 드리는이유  개노잼 2편 보고 너무 재밌어서 개봉하자마자 갔는데 이건 뭐하자는건지  처키야 이제 그만 하고 죽어라  컨저링 유니버스 시리즈라 나름 기대했는데시리즈중에 역대최악인거같음 제임스완 감독 이름 먹칠하네참나 ㅋ  어제 보고 왔는데 사람마다 다르겠지만 저는 하나도 무섭지도 않고 신선하지도 않고 반전도 없고 스토리도없고 재미도없고 대실망입니다  별 반개도 아깝다ㅠ역대급 핵노잼 전혀 안무섭  
308,아쉽게도 기본만한 여름철 장르영화실험적이지 않은데 구성도 의아하다  
309,조금은 볼만하지만 뻔한 얘기  여기 다 알바냐 공포가 아니라 코메디 액션 영화다  더럽게 재미없으니 보지마세요 개연성도 하자고스토리도 존나좁고 갑툭튀 몇장면나오고하  갑툭튀만 조금 있을 뿐 전반적으로 유치하고 지루했음 무섭지는 않았음  애나벨 시리즈중 최고  애나벨2보단 낫다 근데 제발 컨져링 유니버스 귀신들이랑 연출 좀 달리 하자 귀신이나 장소 캐릭터 싹 다 사람만 다르고 개성이 하나도 없냐  우리나라 귀신만 해도 장산범 처녀귀신 몽달귀신 다 개성이 재미롮로유ㅠ로ㅓ로로ㅛㅎㅅ  중간중간 깜짝 놀라게 하는거 빼곤 안무서움그냥 뻔한 공포영화 스토리중간에 기타소년 귀여웠음 ㅎㅎ  지금까지 본 시리즈 중 가장 유치하고 스토리없음  
310,진짜 예고편이 다인영화 무섭지도않고 재미도없고  허무그자체 뭘본건지 내가  또 망했네 또 망했어 애나벨1과 더 넌을 잇는 망작 악령 종합 선물 세트 깜짝 유령의 집 스토리에 깊이라곤 없음 악령 클로즈업 할 때마다 어처구니가 없네  어떤 놈이  재미있고  무섭다고 했냐  개빡치네  존윅이나  볼걸  이딴 것 좀 보지마라 스토리 하나 없고 기집애들 꺅 꺅 거리기만 하고 놀래키는 부분도 다 어디서 퍼온 것 같은 진부한 것들 투성이  남자는 닭을 재물로 바치질 않나 다니엘라한테 짜장면 토하질 않나  차라리 통영에서 조조로봤는데 전시리즈중 가장 유치하고 무서운장면이 크게 무섭지않은 영화  애나벨의 짧았던 외출 참으로 지겹고 허탈하다 컨져링 유니버스 최악의 작품  재미있는줄알았는데재미가없습니다  스토리도 재미없규 무섭지도 않고  이걸못피햇네 나만단할수없다  남자친구와의 컨저링 시리즈 첫 번째 추천합니다  전작에 비해서 무섭지도않네요 재미없엇어요 새로운귀신보는맛  너무 허무하게 끝내는거 아니냐  앞으로는 애나벨시리즈는 극장에서 안보는걸로 해야겠다조조인데도 일찍 시작하는 상영관이 없어서 1시간 정도 기다렸다가 봤는데 영화 시작후 초중반 1시간 가량 지루함에 뛰쳐나가고 싶었다  진짜 보지마세요 실패작  귀신잡는 해병대 2015기 출신으로써 하품만 나옴  이거 레알 정말 무섭습니다 팝콘이 사방에서 날라옵니다사갈필요가 없네요 팬티5장 꼭 준비하세요아 물론 저는 오늘 심야로 볼 예정입니다믿고 보는 애나벨      좋아요 100개 넘으면 여친이 같이 봐준대용 좋아요좀 눌러주쎄여 ㅠ  진짜 보지마세요 실패작  귀신잡는 해병대 2015기 출신으로써 하품만 나옴  이거 레알 정말 무섭습니다 팝콘이 사방에서 날라옵니다사갈필요가 없네요 팬티5장 꼭 준비하세요아 물론 저는 오늘 심야로 볼 예정입니다믿고 보는 애나벨      좋아요 100개 넘으면 여친이 같이 봐준대용 좋아요좀 눌러주쎄여 ㅠ  진짜 보지마세요 실패작  귀신잡는 해병대 2015기 출신으로써 하품만 나옴  이거 레알 정말 무섭습니다 팝콘이 사방에서 날라옵니다사갈필요가 없네요 팬티5장 꼭 준비하세요아 물론 저는 오늘 심야로 볼 예정입니다믿고 보는 애나벨      좋아요 100개 넘으면 여친이 같이 봐준대용 좋아요좀 눌러주쎄여 ㅠ  진짜 보지마세요 실패작  귀신잡는 해병대 2015기 출신으로써 하품만 나옴  이거 레알 정말 무섭습니다 팝콘이 사방에서 날라옵니다사갈필요가 없네요 팬티5장 꼭 준비하세요아 물론 저는 오늘 심야로 볼 예정입니다믿고 보는 애나벨      좋아요 100개 넘으면 여친이 같이 봐준대용 좋아요좀 눌러주쎄여 ㅠ  진짜 보지마세요 실패작  귀신잡는 해병대 2015기 출신으로써 하품만 나옴  이거 레알 정말 무섭습니다 팝콘이 사방에서 날라옵니다사갈필요가 없네요 팬티5장 꼭 준비하세요아 물론 저는 오늘 심야로 볼 예정입니다믿고 보는 애나벨      좋아요 100개 넘으면 여친이 같이 봐준대용 좋아요좀 눌러주쎄여 ㅠ  진짜 보지마세요 실패작  귀신잡는 해병대 2015기 출신으로써 하품만 나옴  이거 레알 정말 무섭습니다 팝콘이 사방에서 날라옵니다사갈필요가 없네요 팬티5장 꼭 준비하세요아 물론 저는 오늘 심야로 볼 예정입니다믿고 보는 애나벨      좋아요 100개 넘으면 여친이 같이 봐준대용 좋아요좀 눌러주쎄여 ㅠ  진짜 보지마세요 실패작  귀신잡는 해병대 2015기 출신으로써 하품만 나옴  이거 레알 정말 무섭습니다 팝콘이 사방에서 날라옵니다사갈필요가 없네요 팬티5장 꼭 준비하세요아 물론 저는 오늘 심야로 볼 예정입니다믿고 보는 애나벨      좋아요 100개 넘으면 여친이 같이 봐준대용 좋아요좀 눌러주쎄여 ㅠ  진짜 보지마세요 실패작  귀신잡는 해병대 2015기 출신으로써 하품만 나옴  이거 레알 정말 무섭습니다 팝콘이 사방에서 날라옵니다사갈필요가 없네요 팬티5장 꼭 준비하세요아 물론 저는 오늘 심야로 볼 예정입니다믿고 보는 애나벨      좋아요 100개 넘으면 여친이 같이 봐준대용 좋아요좀 눌러주쎄여 ㅠ  진짜 보지마세요 실패작  귀신잡는 해병대 2015기 출신으로써 하품만 나옴  이거 레알 정말 무섭습니다 팝콘이 사방에서 날라옵니다사갈필요가 없네요 팬티5장 꼭 준비하세요아 물론 저는 오늘 심야로 볼 예정입니다믿고 보는 애나벨      좋아요 100개 넘으면 여친이 같이 봐준대용 좋아요좀 눌러주쎄여 ㅠ  진짜 보지마세요 실패작  귀신잡는 해병대 2015기 출신으로써 하품만 나옴  이거 레알 정말 무섭습니다 팝콘이 사방에서 날라옵니다사갈필요가 없네요 팬티5장 꼭 준비하세요아 물론 저는 오늘 심야로 볼 예정입니다믿고 보는 애나벨      좋아요 100개 넘으면 여친이 같이 봐준대용 좋아요좀 눌러주쎄여 ㅠ  진짜 보지마세요 실패작  귀신잡는 해병대 2015기 출신으로써 하품만 나옴  이거 레알 정말 무섭습니다 팝콘이 사방에서 날라옵니다사갈필요가 없네요 팬티5장 꼭 준비하세요아 물론 저는 오늘 심야로 볼 예정입니다믿고 보는 애나벨      좋아요 100개 넘으면 여친이 같이 봐준대용 좋아요좀 눌러주쎄여 ㅠ  진짜 보지마세요 실패작  귀신잡는 해병대 2015기 출신으로써 하품만 나옴  이거 레알 정말 무섭습니다 팝콘이 사방에서 날라옵니다사갈필요가 없네요 팬티5장 꼭 준비하세요아 물론 저는 오늘 심야로 볼 예정입니다믿고 보는 애나벨      좋아요 100개 넘으면 여친이 같이 봐준대용 좋아요좀 눌러주쎄여 ㅠ  진짜 보지마세요 실패작  귀신잡는 해병대 2015기 출신으로써 하품만 나옴  이거 레알 정말 무섭습니다 팝콘이 사방에서 날라옵니다사갈필요가 없네요 팬티5장 꼭 준비하세요아 물론 저는 오늘 심야로 볼 예정입니다믿고 보는 애나벨      좋아요 100개 넘으면 여친이 같이 봐준대용 좋아요좀 눌러주쎄여 ㅠ  진짜 보지마세요 실패작  귀신잡는 해병대 2015기 출신으로써 하품만 나옴  이거 레알 정말 무섭습니다 팝콘이 사방에서 날라옵니다사갈필요가 없네요 팬티5장 꼭 준비하세요아 물론 저는 오늘 심야로 볼 예정입니다믿고 보는 애나벨      좋아요 100개 넘으면 여친이 같이 봐준대용 좋아요좀 눌러주쎄여 ㅠ  진짜 보지마세요 실패작  귀신잡는 해병대 2015기 출신으로써 하품만 나옴  이거 레알 정말 무섭습니다 팝콘이 사방에서 날라옵니다사갈필요가 없네요 팬티5장 꼭 준비하세요아 물론 저는 오늘 심야로 볼 예정입니다믿고 보는 애나벨      좋아요 100개 넘으면 여친이 같이 봐준대용 좋아요좀 눌러주쎄여 ㅠ  진짜 보지마세요 실패작  귀신잡는 해병대 2015기 출신으로써 하품만 나옴  이거 레알 정말 무섭습니다 팝콘이 사방에서 날라옵니다사갈필요가 없네요 팬티5장 꼭 준비하세요아 물론 저는 오늘 심야로 볼 예정입니다믿고 보는 애나벨      좋아요 100개 넘으면 여친이 같이 봐준대용 좋아요좀 눌러주쎄여 ㅠ  진짜 보지마세요 실패작  귀신잡는 해병대 2015기 출신으로써 하품만 나옴  이거 레알 정말 무섭습니다 팝콘이 사방에서 날라옵니다사갈필요가 없네요 팬티5장 꼭 준비하세요아 물론 저는 오늘 심야로 볼 예정입니다믿고 보는 애나벨      좋아요 100개 넘으면 여친이 같이 봐준대용 좋아요좀 눌러주쎄여 ㅠ  진짜 보지마세요 실패작  귀신잡는 해병대 2015기 출신으로써 하품만 나옴  이거 레알 정말 무섭습니다 팝콘이 사방에서 날라옵니다사갈필요가 없네요 팬티5장 꼭 준비하세요아 물론 저는 오늘 심야로 볼 예정입니다믿고 보는 애나벨      좋아요 100개 넘으면 여친이 같이 봐준대용 좋아요좀 눌러주쎄여 ㅠ 
